custID,creditID
1,1
2,2
3,5
4,5
5,4
6,5
7,4
8,1
9,1
10,1
11,3
12,4
13,1
14,1
15,5
16,2
17,3
18,2
19,3
20,4
21,5
22,2
23,1
24,5
25,1
26,1
27,3
28,1
29,2
30,5
31,2
32,1
33,2
34,3
35,5
36,3
37,1
38,4
39,1
40,4
41,3
42,3
43,5
44,4
45,5
46,4
47,1
48,1
49,4
50,3
51,2
52,2
53,5
54,5
55,2
56,2
57,1
58,2
59,4
60,2
61,5
62,2
63,3
64,3
65,5
66,1
67,5
68,3
69,4
70,4
71,2
72,2
73,2
74,1
75,4
76,2
77,4
78,1
79,3
80,2
81,4
82,5
83,4
84,5
85,2
86,5
87,4
88,3
89,4
90,3
91,4
92,2
93,1
94,4
95,4
96,3
97,5
98,1
99,2
100,5
101,2
102,3
103,4
104,2
105,3
106,2
107,4
108,5
109,2
110,2
111,4
112,3
113,3
114,2
115,4
116,4
117,3
118,4
119,1
120,5
121,4
122,2
123,5
124,4
125,3
126,2
127,1
128,2
129,3
130,4
131,4
132,2
133,2
134,5
135,5
136,5
137,4
138,2
139,2
140,5
141,4
142,3
143,3
144,4
145,4
146,1
147,1
148,5
149,5
150,1
151,1
152,2
153,2
154,2
155,4
156,4
157,1
158,2
159,1
160,5
161,3
162,3
163,2
164,4
165,4
166,3
167,1
168,1
169,1
170,3
171,1
172,2
173,3
174,1
175,3
176,4
177,1
178,1
179,3
180,2
181,3
182,3
183,1
184,3
185,3
186,1
187,5
188,1
189,1
190,3
191,1
192,3
193,5
194,2
195,4
196,5
197,2
198,4
199,3
200,1
201,2
202,1
203,4
204,4
205,3
206,1
207,4
208,4
209,4
210,1
211,4
212,4
213,3
214,5
215,4
216,4
217,5
218,5
219,3
220,4
221,5
222,2
223,3
224,2
225,5
226,1
227,4
228,5
229,1
230,1
231,4
232,1
233,3
234,4
235,3
236,5
237,1
238,5
239,3
240,2
241,2
242,4
243,3
244,4
245,2
246,5
247,5
248,1
249,1
250,1
251,1
252,3
253,5
254,4
255,1
256,1
257,2
258,2
259,3
260,5
261,3
262,2
263,1
264,2
265,4
266,4
267,4
268,3
269,4
270,1
271,5
272,3
273,1
274,1
275,4
276,1
277,1
278,5
279,1
280,5
281,2
282,5
283,1
284,5
285,1
286,4
287,3
288,4
289,1
290,1
291,3
292,5
293,2
294,1
295,2
296,5
297,2
298,3
299,4
300,5
301,5
302,2
303,3
304,2
305,5
306,1
307,5
308,5
309,2
310,3
311,3
312,2
313,5
314,5
315,1
316,1
317,5
318,3
319,1
320,2
321,3
322,5
323,1
324,2
325,4
326,5
327,1
328,1
329,5
330,3
331,1
332,1
333,5
334,4
335,2
336,5
337,1
338,3
339,4
340,1
341,1
342,2
343,2
344,3
345,3
346,1
347,2
348,1
349,5
350,1
351,1
352,3
353,3
354,2
355,2
356,4
357,5
358,5
359,1
360,3
361,2
362,3
363,1
364,5
365,5
366,2
367,1
368,3
369,3
370,4
371,5
372,2
373,4
374,5
375,4
376,4
377,2
378,5
379,5
380,2
381,4
382,5
383,3
384,1
385,5
386,5
387,4
388,4
389,4
390,3
391,2
392,5
393,4
394,3
395,5
396,1
397,5
398,3
399,3
400,3
401,3
402,2
403,3
404,3
405,1
406,4
407,4
408,1
409,1
410,2
411,2
412,3
413,3
414,4
415,1
416,2
417,4
418,2
419,1
420,4
421,3
422,1
423,5
424,2
425,2
426,3
427,1
428,2
429,2
430,1
431,5
432,1
433,5
434,5
435,5
436,3
437,4
438,1
439,1
440,2
441,2
442,4
443,5
444,4
445,2
446,1
447,5
448,2
449,4
450,5
451,2
452,1
453,3
454,3
455,2
456,1
457,3
458,5
459,5
460,3
461,2
462,3
463,1
464,4
465,5
466,1
467,3
468,5
469,2
470,5
471,3
472,5
473,2
474,1
475,5
476,1
477,1
478,2
479,4
480,5
481,5
482,3
483,3
484,4
485,3
486,4
487,5
488,3
489,3
490,4
491,3
492,1
493,1
494,4
495,2
496,5
497,4
498,1
499,4
500,4
501,5
502,2
503,2
504,4
505,3
506,4
507,5
508,4
509,5
510,1
511,4
512,3
513,5
514,5
515,1
516,3
517,1
518,3
519,3
520,5
521,2
522,4
523,1
524,2
525,5
526,3
527,1
528,4
529,4
530,2
531,5
532,1
533,3
534,3
535,4
536,3
537,3
538,3
539,1
540,4
541,3
542,1
543,1
544,2
545,4
546,4
547,1
548,5
549,5
550,1
551,4
552,2
553,2
554,4
555,3
556,2
557,1
558,2
559,3
560,4
561,2
562,3
563,3
564,5
565,2
566,2
567,5
568,3
569,4
570,1
571,2
572,2
573,1
574,4
575,5
576,2
577,3
578,1
579,4
580,5
581,3
582,4
583,3
584,3
585,3
586,3
587,5
588,4
589,1
590,1
591,5
592,1
593,3
594,4
595,4
596,4
597,4
598,3
599,2
600,5
601,1
602,4
603,4
604,5
605,3
606,4
607,3
608,2
609,3
610,3
611,2
612,2
613,5
614,1
615,2
616,4
617,1
618,5
619,2
620,2
621,3
622,3
623,3
624,3
625,4
626,4
627,2
628,1
629,1
630,4
631,4
632,5
633,2
634,4
635,1
636,2
637,4
638,2
639,1
640,2
641,1
642,1
643,3
644,2
645,2
646,1
647,5
648,3
649,2
650,3
651,1
652,1
653,1
654,3
655,2
656,1
657,4
658,4
659,5
660,2
661,2
662,4
663,4
664,5
665,2
666,1
667,2
668,3
669,1
670,2
671,5
672,2
673,1
674,2
675,5
676,3
677,5
678,5
679,4
680,5
681,3
682,1
683,3
684,1
685,5
686,5
687,1
688,4
689,5
690,1
691,4
692,5
693,3
694,1
695,2
696,5
697,3
698,4
699,1
700,4
701,1
702,5
703,2
704,1
705,1
706,2
707,4
708,4
709,2
710,5
711,5
712,5
713,5
714,5
715,5
716,4
717,4
718,5
719,2
720,1
721,2
722,4
723,2
724,3
725,1
726,3
727,5
728,3
729,1
730,2
731,5
732,3
733,5
734,3
735,1
736,4
737,3
738,3
739,3
740,2
741,5
742,5
743,2
744,1
745,2
746,1
747,1
748,3
749,5
750,3
751,5
752,2
753,5
754,5
755,3
756,4
757,2
758,2
759,1
760,3
761,4
762,1
763,5
764,5
765,3
766,5
767,5
768,4
769,4
770,5
771,1
772,3
773,3
774,1
775,1
776,4
777,5
778,3
779,5
780,4
781,1
782,5
783,4
784,5
785,4
786,1
787,4
788,4
789,2
790,1
791,5
792,2
793,3
794,5
795,4
796,1
797,2
798,4
799,2
800,3
801,3
802,2
803,2
804,5
805,4
806,4
807,2
808,3
809,3
810,3
811,4
812,1
813,5
814,5
815,2
816,1
817,4
818,5
819,4
820,5
821,5
822,3
823,1
824,5
825,5
826,1
827,3
828,2
829,4
830,1
831,4
832,4
833,4
834,4
835,1
836,4
837,2
838,1
839,2
840,4
841,3
842,5
843,1
844,5
845,1
846,3
847,5
848,4
849,3
850,3
851,3
852,4
853,4
854,2
855,3
856,3
857,5
858,3
859,2
860,4
861,3
862,1
863,5
864,2
865,5
866,5
867,2
868,1
869,5
870,1
871,4
872,2
873,2
874,1
875,4
876,3
877,5
878,5
879,4
880,3
881,1
882,2
883,3
884,4
885,2
886,5
887,3
888,5
889,5
890,3
891,3
892,3
893,5
894,2
895,5
896,5
897,3
898,4
899,1
900,4
901,4
902,3
903,4
904,5
905,5
906,5
907,5
908,1
909,1
910,4
911,2
912,5
913,2
914,2
915,1
916,4
917,2
918,1
919,3
920,5
921,3
922,4
923,5
924,5
925,5
926,2
927,2
928,3
929,3
930,3
931,5
932,4
933,5
934,2
935,5
936,5
937,5
938,5
939,1
940,3
941,4
942,4
943,3
944,4
945,3
946,5
947,2
948,1
949,1
950,4
951,1
952,5
953,5
954,3
955,3
956,1
957,1
958,1
959,3
960,1
961,3
962,1
963,1
964,2
965,1
966,5
967,5
968,5
969,1
970,5
971,5
972,4
973,1
974,4
975,4
976,2
977,1
978,5
979,1
980,1
981,4
982,5
983,5
984,5
985,1
986,5
987,5
988,3
989,3
990,1
991,2
992,1
993,3
994,1
995,1
996,5
997,2
998,2
999,4
1000,1
1001,4
1002,1
1003,3
1004,1
1005,3
1006,2
1007,5
1008,2
1009,1
1010,3
1011,3
1012,3
1013,4
1014,3
1015,1
1016,1
1017,3
1018,4
1019,5
1020,3
1021,1
1022,4
1023,3
1024,1
1025,1
1026,2
1027,1
1028,2
1029,3
1030,1
1031,2
1032,4
1033,2
1034,2
1035,5
1036,3
1037,5
1038,2
1039,5
1040,4
1041,1
1042,5
1043,5
1044,3
1045,3
1046,4
1047,4
1048,3
1049,3
1050,3
1051,3
1052,5
1053,2
1054,1
1055,5
1056,2
1057,2
1058,3
1059,5
1060,1
1061,2
1062,4
1063,5
1064,4
1065,3
1066,3
1067,5
1068,1
1069,1
1070,2
1071,1
1072,4
1073,1
1074,2
1075,4
1076,3
1077,2
1078,1
1079,5
1080,1
1081,1
1082,1
1083,4
1084,2
1085,1
1086,3
1087,3
1088,1
1089,2
1090,5
1091,4
1092,5
1093,1
1094,3
1095,4
1096,4
1097,5
1098,3
1099,4
1100,2
1101,1
1102,3
1103,5
1104,3
1105,4
1106,5
1107,5
1108,1
1109,5
1110,2
1111,5
1112,3
1113,1
1114,4
1115,5
1116,4
1117,3
1118,1
1119,3
1120,2
1121,3
1122,4
1123,2
1124,1
1125,3
1126,4
1127,1
1128,1
1129,5
1130,2
1131,1
1132,1
1133,5
1134,3
1135,3
1136,5
1137,1
1138,5
1139,1
1140,3
1141,4
1142,3
1143,5
1144,1
1145,2
1146,1
1147,1
1148,2
1149,3
1150,2
1151,4
1152,4
1153,5
1154,1
1155,4
1156,3
1157,4
1158,4
1159,2
1160,5
1161,4
1162,4
1163,5
1164,1
1165,5
1166,3
1167,3
1168,4
1169,1
1170,3
1171,2
1172,2
1173,2
1174,1
1175,3
1176,3
1177,5
1178,2
1179,5
1180,1
1181,2
1182,2
1183,1
1184,5
1185,3
1186,4
1187,5
1188,2
1189,1
1190,5
1191,4
1192,1
1193,4
1194,4
1195,5
1196,3
1197,3
1198,3
1199,1
1200,5
1201,2
1202,1
1203,4
1204,2
1205,2
1206,5
1207,1
1208,3
1209,3
1210,3
1211,2
1212,4
1213,2
1214,2
1215,2
1216,2
1217,1
1218,5
1219,2
1220,2
1221,3
1222,3
1223,3
1224,5
1225,2
1226,1
1227,5
1228,1
1229,3
1230,5
1231,5
1232,3
1233,2
1234,4
1235,2
1236,1
1237,5
1238,4
1239,5
1240,2
1241,3
1242,2
1243,2
1244,5
1245,4
1246,4
1247,3
1248,5
1249,5
1250,2
1251,5
1252,1
1253,2
1254,5
1255,5
1256,4
1257,1
1258,2
1259,2
1260,1
1261,3
1262,3
1263,4
1264,1
1265,3
1266,3
1267,2
1268,4
1269,2
1270,1
1271,5
1272,1
1273,3
1274,3
1275,5
1276,2
1277,1
1278,5
1279,2
1280,2
1281,2
1282,3
1283,5
1284,5
1285,4
1286,2
1287,4
1288,2
1289,1
1290,3
1291,3
1292,3
1293,4
1294,1
1295,1
1296,2
1297,1
1298,4
1299,3
1300,2
1301,3
1302,3
1303,3
1304,2
1305,2
1306,1
1307,5
1308,1
1309,4
1310,3
1311,1
1312,4
1313,1
1314,1
1315,1
1316,5
1317,4
1318,4
1319,5
1320,3
1321,4
1322,5
1323,4
1324,1
1325,1
1326,5
1327,5
1328,5
1329,5
1330,3
1331,2
1332,3
1333,3
1334,3
1335,1
1336,4
1337,2
1338,3
1339,3
1340,1
1341,2
1342,4
1343,5
1344,3
1345,2
1346,2
1347,2
1348,3
1349,4
1350,2
1351,2
1352,2
1353,5
1354,4
1355,3
1356,4
1357,5
1358,1
1359,2
1360,1
1361,4
1362,3
1363,3
1364,2
1365,2
1366,3
1367,4
1368,4
1369,5
1370,3
1371,5
1372,4
1373,2
1374,4
1375,3
1376,4
1377,2
1378,4
1379,4
1380,4
1381,2
1382,5
1383,2
1384,5
1385,2
1386,3
1387,3
1388,5
1389,4
1390,2
1391,1
1392,5
1393,1
1394,4
1395,3
1396,2
1397,1
1398,3
1399,4
1400,4
1401,2
1402,5
1403,3
1404,5
1405,3
1406,1
1407,5
1408,2
1409,2
1410,4
1411,4
1412,4
1413,2
1414,4
1415,1
1416,4
1417,2
1418,2
1419,4
1420,1
1421,4
1422,5
1423,3
1424,2
1425,4
1426,2
1427,2
1428,5
1429,2
1430,5
1431,3
1432,2
1433,4
1434,2
1435,4
1436,1
1437,1
1438,3
1439,5
1440,3
1441,1
1442,5
1443,2
1444,4
1445,4
1446,5
1447,4
1448,5
1449,2
1450,2
1451,5
1452,4
1453,2
1454,4
1455,2
1456,3
1457,3
1458,1
1459,3
1460,3
1461,3
1462,3
1463,4
1464,5
1465,1
1466,1
1467,4
1468,5
1469,5
1470,3
1471,2
1472,3
1473,3
1474,3
1475,2
1476,2
1477,2
1478,2
1479,1
1480,5
1481,5
1482,4
1483,4
1484,4
1485,1
1486,2
1487,5
1488,3
1489,4
1490,4
1491,2
1492,2
1493,2
1494,3
1495,5
1496,2
1497,2
1498,5
1499,4
1500,5
1501,4
1502,3
1503,3
1504,1
1505,3
1506,4
1507,3
1508,1
1509,2
1510,2
1511,5
1512,2
1513,1
1514,1
1515,3
1516,4
1517,3
1518,1
1519,1
1520,3
1521,3
1522,5
1523,1
1524,5
1525,3
1526,5
1527,5
1528,3
1529,4
1530,1
1531,3
1532,3
1533,3
1534,2
1535,3
1536,5
1537,1
1538,3
1539,1
1540,4
1541,4
1542,2
1543,3
1544,1
1545,2
1546,4
1547,5
1548,2
1549,4
1550,5
1551,4
1552,1
1553,3
1554,1
1555,3
1556,1
1557,5
1558,1
1559,1
1560,5
1561,5
1562,1
1563,2
1564,2
1565,4
1566,5
1567,3
1568,5
1569,1
1570,3
1571,2
1572,3
1573,5
1574,4
1575,5
1576,2
1577,1
1578,1
1579,3
1580,2
1581,5
1582,2
1583,1
1584,2
1585,5
1586,5
1587,3
1588,2
1589,5
1590,2
1591,4
1592,5
1593,4
1594,5
1595,2
1596,1
1597,5
1598,1
1599,5
1600,5
1601,2
1602,3
1603,5
1604,1
1605,4
1606,5
1607,2
1608,4
1609,1
1610,3
1611,5
1612,1
1613,4
1614,4
1615,4
1616,3
1617,5
1618,5
1619,1
1620,3
1621,1
1622,3
1623,3
1624,5
1625,2
1626,3
1627,5
1628,5
1629,2
1630,4
1631,1
1632,5
1633,3
1634,2
1635,2
1636,4
1637,1
1638,3
1639,3
1640,5
1641,2
1642,3
1643,5
1644,1
1645,5
1646,5
1647,2
1648,5
1649,1
1650,5
1651,2
1652,2
1653,5
1654,3
1655,1
1656,5
1657,4
1658,5
1659,2
1660,4
1661,4
1662,3
1663,2
1664,4
1665,2
1666,4
1667,2
1668,3
1669,5
1670,1
1671,4
1672,2
1673,4
1674,4
1675,1
1676,5
1677,5
1678,2
1679,3
1680,4
1681,4
1682,5
1683,1
1684,3
1685,4
1686,4
1687,4
1688,1
1689,3
1690,5
1691,2
1692,3
1693,1
1694,3
1695,5
1696,2
1697,2
1698,5
1699,1
1700,3
1701,4
1702,3
1703,5
1704,1
1705,5
1706,1
1707,2
1708,4
1709,4
1710,5
1711,4
1712,5
1713,2
1714,5
1715,1
1716,1
1717,1
1718,5
1719,4
1720,2
1721,1
1722,4
1723,3
1724,2
1725,5
1726,5
1727,1
1728,2
1729,3
1730,1
1731,2
1732,4
1733,2
1734,3
1735,4
1736,2
1737,5
1738,5
1739,1
1740,4
1741,2
1742,4
1743,1
1744,4
1745,1
1746,5
1747,3
1748,3
1749,3
1750,2
1751,1
1752,4
1753,5
1754,5
1755,2
1756,3
1757,4
1758,1
1759,4
1760,4
1761,3
1762,1
1763,2
1764,5
1765,3
1766,3
1767,1
1768,2
1769,1
1770,5
1771,2
1772,1
1773,4
1774,1
1775,5
1776,3
1777,4
1778,1
1779,3
1780,4
1781,4
1782,3
1783,5
1784,4
1785,5
1786,1
1787,2
1788,1
1789,4
1790,1
1791,3
1792,1
1793,1
1794,3
1795,2
1796,2
1797,4
1798,2
1799,4
1800,4
1801,1
1802,4
1803,4
1804,3
1805,1
1806,3
1807,4
1808,3
1809,1
1810,3
1811,4
1812,1
1813,1
1814,4
1815,5
1816,3
1817,1
1818,4
1819,2
1820,2
1821,2
1822,4
1823,1
1824,4
1825,4
1826,5
1827,1
1828,5
1829,1
1830,4
1831,2
1832,1
1833,5
1834,4
1835,5
1836,2
1837,5
1838,3
1839,1
1840,5
1841,4
1842,1
1843,2
1844,1
1845,3
1846,5
1847,3
1848,4
1849,4
1850,5
1851,2
1852,5
1853,2
1854,3
1855,1
1856,4
1857,1
1858,2
1859,2
1860,2
1861,5
1862,5
1863,4
1864,3
1865,2
1866,1
1867,1
1868,2
1869,5
1870,4
1871,5
1872,4
1873,3
1874,4
1875,5
1876,3
1877,2
1878,4
1879,1
1880,4
1881,1
1882,2
1883,5
1884,5
1885,5
1886,2
1887,3
1888,3
1889,1
1890,4
1891,4
1892,1
1893,3
1894,3
1895,2
1896,4
1897,4
1898,1
1899,1
1900,2
1901,2
1902,2
1903,4
1904,3
1905,2
1906,5
1907,1
1908,5
1909,1
1910,2
1911,2
1912,1
1913,3
1914,3
1915,3
1916,5
1917,3
1918,1
1919,4
1920,1
1921,5
1922,3
1923,2
1924,4
1925,3
1926,5
1927,2
1928,3
1929,4
1930,2
1931,5
1932,3
1933,2
1934,1
1935,3
1936,2
1937,2
1938,4
1939,3
1940,5
1941,1
1942,2
1943,4
1944,5
1945,4
1946,1
1947,5
1948,3
1949,1
1950,2
1951,3
1952,2
1953,2
1954,1
1955,1
1956,5
1957,1
1958,2
1959,2
1960,3
1961,3
1962,5
1963,1
1964,4
1965,2
1966,5
1967,1
1968,1
1969,5
1970,4
1971,4
1972,1
1973,3
1974,1
1975,2
1976,1
1977,2
1978,1
1979,3
1980,2
1981,1
1982,5
1983,5
1984,5
1985,3
1986,1
1987,3
1988,2
1989,5
1990,5
1991,4
1992,1
1993,2
1994,4
1995,4
1996,3
1997,1
1998,4
1999,1
2000,5
2001,5
2002,5
2003,4
2004,4
2005,5
2006,5
2007,1
2008,1
2009,2
2010,4
2011,5
2012,1
2013,4
2014,5
2015,3
2016,3
2017,1
2018,4
2019,1
2020,3
2021,3
2022,2
2023,5
2024,5
2025,2
2026,4
2027,1
2028,3
2029,2
2030,3
2031,4
2032,2
2033,2
2034,2
2035,1
2036,4
2037,2
2038,4
2039,3
2040,2
2041,3
2042,5
2043,2
2044,3
2045,4
2046,3
2047,5
2048,4
2049,5
2050,5
2051,3
2052,1
2053,1
2054,4
2055,1
2056,4
2057,3
2058,3
2059,3
2060,1
2061,1
2062,1
2063,3
2064,2
2065,2
2066,1
2067,5
2068,3
2069,1
2070,5
2071,2
2072,3
2073,4
2074,4
2075,2
2076,4
2077,4
2078,3
2079,1
2080,1
2081,2
2082,3
2083,5
2084,4
2085,1
2086,4
2087,5
2088,4
2089,3
2090,5
2091,4
2092,1
2093,4
2094,4
2095,4
2096,2
2097,5
2098,3
2099,3
2100,5
2101,1
2102,1
2103,2
2104,5
2105,3
2106,2
2107,1
2108,4
2109,2
2110,5
2111,1
2112,3
2113,1
2114,4
2115,1
2116,4
2117,3
2118,3
2119,5
2120,1
2121,3
2122,1
2123,1
2124,4
2125,3
2126,4
2127,1
2128,3
2129,2
2130,5
2131,4
2132,5
2133,5
2134,1
2135,5
2136,4
2137,4
2138,1
2139,4
2140,1
2141,4
2142,4
2143,5
2144,5
2145,2
2146,3
2147,5
2148,2
2149,1
2150,4
2151,4
2152,2
2153,4
2154,3
2155,3
2156,3
2157,3
2158,3
2159,4
2160,2
2161,1
2162,5
2163,1
2164,5
2165,2
2166,4
2167,2
2168,1
2169,1
2170,3
2171,4
2172,4
2173,2
2174,2
2175,1
2176,3
2177,1
2178,1
2179,4
2180,4
2181,5
2182,2
2183,2
2184,5
2185,3
2186,2
2187,5
2188,3
2189,3
2190,5
2191,1
2192,5
2193,2
2194,3
2195,2
2196,1
2197,5
2198,4
2199,2
2200,1
2201,2
2202,4
2203,2
2204,3
2205,5
2206,4
2207,2
2208,2
2209,1
2210,1
2211,4
2212,5
2213,4
2214,1
2215,4
2216,2
2217,4
2218,2
2219,5
2220,3
2221,3
2222,1
2223,4
2224,3
2225,2
2226,4
2227,5
2228,3
2229,3
2230,2
2231,3
2232,3
2233,4
2234,1
2235,2
2236,5
2237,3
2238,2
2239,4
2240,2
2241,5
2242,3
2243,3
2244,4
2245,3
2246,3
2247,4
2248,2
2249,2
2250,1
2251,5
2252,4
2253,3
2254,3
2255,1
2256,1
2257,5
2258,4
2259,5
2260,5
2261,4
2262,5
2263,3
2264,2
2265,5
2266,2
2267,3
2268,5
2269,4
2270,1
2271,4
2272,1
2273,1
2274,5
2275,4
2276,1
2277,2
2278,3
2279,2
2280,1
2281,1
2282,2
2283,4
2284,2
2285,4
2286,2
2287,3
2288,1
2289,2
2290,1
2291,2
2292,2
2293,3
2294,1
2295,4
2296,4
2297,1
2298,2
2299,5
2300,4
2301,3
2302,3
2303,3
2304,2
2305,4
2306,4
2307,3
2308,1
2309,4
2310,4
2311,2
2312,5
2313,5
2314,5
2315,1
2316,4
2317,1
2318,1
2319,5
2320,5
2321,2
2322,1
2323,2
2324,2
2325,1
2326,4
2327,2
2328,3
2329,2
2330,2
2331,1
2332,2
2333,2
2334,4
2335,4
2336,4
2337,5
2338,2
2339,5
2340,1
2341,4
2342,2
2343,5
2344,1
2345,4
2346,5
2347,1
2348,2
2349,1
2350,4
2351,4
2352,2
2353,5
2354,5
2355,5
2356,4
2357,3
2358,2
2359,2
2360,2
2361,4
2362,1
2363,2
2364,3
2365,5
2366,3
2367,5
2368,5
2369,4
2370,3
2371,5
2372,1
2373,5
2374,4
2375,5
2376,5
2377,5
2378,3
2379,5
2380,3
2381,4
2382,1
2383,3
2384,5
2385,2
2386,3
2387,2
2388,4
2389,1
2390,3
2391,1
2392,1
2393,4
2394,5
2395,2
2396,4
2397,4
2398,3
2399,3
2400,4
2401,3
2402,4
2403,2
2404,1
2405,4
2406,3
2407,1
2408,4
2409,1
2410,4
2411,1
2412,2
2413,1
2414,4
2415,4
2416,3
2417,4
2418,5
2419,2
2420,4
2421,3
2422,3
2423,5
2424,2
2425,2
2426,5
2427,2
2428,3
2429,5
2430,2
2431,2
2432,3
2433,5
2434,3
2435,3
2436,2
2437,1
2438,4
2439,3
2440,3
2441,4
2442,2
2443,1
2444,1
2445,5
2446,5
2447,5
2448,1
2449,2
2450,5
2451,4
2452,1
2453,5
2454,2
2455,2
2456,1
2457,4
2458,3
2459,3
2460,4
2461,5
2462,4
2463,5
2464,5
2465,1
2466,1
2467,2
2468,1
2469,2
2470,3
2471,1
2472,5
2473,1
2474,5
2475,2
2476,3
2477,5
2478,5
2479,1
2480,4
2481,3
2482,3
2483,5
2484,1
2485,3
2486,3
2487,4
2488,5
2489,5
2490,4
2491,3
2492,1
2493,3
2494,5
2495,2
2496,5
2497,4
2498,1
2499,1
2500,2
2501,4
2502,5
2503,1
2504,2
2505,3
2506,1
2507,2
2508,5
2509,1
2510,2
2511,1
2512,2
2513,3
2514,1
2515,5
2516,2
2517,4
2518,2
2519,5
2520,1
2521,3
2522,3
2523,5
2524,3
2525,5
2526,3
2527,5
2528,3
2529,3
2530,5
2531,3
2532,3
2533,1
2534,2
2535,5
2536,2
2537,3
2538,5
2539,5
2540,1
2541,3
2542,4
2543,4
2544,3
2545,2
2546,3
2547,4
2548,3
2549,3
2550,3
2551,1
2552,1
2553,5
2554,1
2555,1
2556,5
2557,2
2558,5
2559,1
2560,4
2561,4
2562,5
2563,2
2564,4
2565,1
2566,2
2567,5
2568,3
2569,3
2570,1
2571,4
2572,3
2573,2
2574,2
2575,5
2576,2
2577,2
2578,5
2579,1
2580,2
2581,5
2582,1
2583,2
2584,5
2585,2
2586,2
2587,5
2588,1
2589,4
2590,4
2591,2
2592,4
2593,5
2594,3
2595,4
2596,4
2597,1
2598,5
2599,3
2600,5
2601,2
2602,4
2603,3
2604,5
2605,3
2606,4
2607,3
2608,3
2609,2
2610,3
2611,5
2612,1
2613,2
2614,3
2615,2
2616,5
2617,1
2618,3
2619,2
2620,1
2621,1
2622,4
2623,2
2624,1
2625,3
2626,5
2627,5
2628,3
2629,2
2630,1
2631,5
2632,4
2633,4
2634,5
2635,2
2636,4
2637,1
2638,4
2639,1
2640,3
2641,5
2642,4
2643,5
2644,1
2645,4
2646,5
2647,2
2648,1
2649,5
2650,5
2651,4
2652,3
2653,2
2654,2
2655,1
2656,1
2657,3
2658,1
2659,2
2660,1
2661,2
2662,1
2663,5
2664,2
2665,5
2666,1
2667,4
2668,4
2669,5
2670,3
2671,1
2672,1
2673,4
2674,2
2675,1
2676,3
2677,1
2678,4
2679,5
2680,5
2681,4
2682,1
2683,1
2684,3
2685,4
2686,2
2687,2
2688,1
2689,4
2690,3
2691,1
2692,3
2693,5
2694,3
2695,1
2696,4
2697,1
2698,2
2699,4
2700,2
2701,3
2702,2
2703,5
2704,3
2705,3
2706,2
2707,4
2708,4
2709,4
2710,3
2711,1
2712,2
2713,3
2714,3
2715,5
2716,1
2717,5
2718,5
2719,3
2720,5
2721,1
2722,2
2723,4
2724,3
2725,4
2726,4
2727,2
2728,5
2729,2
2730,5
2731,3
2732,1
2733,5
2734,5
2735,5
2736,3
2737,4
2738,5
2739,3
2740,5
2741,5
2742,3
2743,1
2744,1
2745,3
2746,5
2747,3
2748,5
2749,1
2750,4
2751,4
2752,4
2753,2
2754,5
2755,4
2756,3
2757,4
2758,5
2759,2
2760,2
2761,1
2762,4
2763,5
2764,2
2765,5
2766,5
2767,1
2768,2
2769,4
2770,1
2771,2
2772,1
2773,5
2774,2
2775,4
2776,4
2777,5
2778,5
2779,1
2780,1
2781,5
2782,5
2783,2
2784,3
2785,3
2786,5
2787,4
2788,3
2789,2
2790,2
2791,4
2792,5
2793,3
2794,2
2795,1
2796,2
2797,4
2798,4
2799,2
2800,4
2801,1
2802,4
2803,2
2804,3
2805,3
2806,5
2807,1
2808,1
2809,4
2810,4
2811,1
2812,4
2813,5
2814,3
2815,4
2816,5
2817,3
2818,4
2819,3
2820,1
2821,4
2822,3
2823,2
2824,2
2825,2
2826,5
2827,5
2828,5
2829,4
2830,2
2831,3
2832,4
2833,3
2834,2
2835,1
2836,4
2837,3
2838,4
2839,2
2840,1
2841,3
2842,3
2843,2
2844,5
2845,5
2846,3
2847,3
2848,5
2849,4
2850,4
2851,1
2852,4
2853,4
2854,5
2855,5
2856,4
2857,2
2858,1
2859,5
2860,1
2861,3
2862,2
2863,3
2864,1
2865,4
2866,1
2867,1
2868,2
2869,3
2870,1
2871,2
2872,5
2873,5
2874,2
2875,3
2876,1
2877,1
2878,2
2879,1
2880,5
2881,1
2882,2
2883,4
2884,2
2885,5
2886,5
2887,5
2888,5
2889,4
2890,4
2891,3
2892,4
2893,3
2894,5
2895,1
2896,5
2897,2
2898,1
2899,3
2900,4
2901,3
2902,4
2903,2
2904,4
2905,4
2906,2
2907,3
2908,4
2909,4
2910,1
2911,4
2912,3
2913,4
2914,3
2915,4
2916,3
2917,4
2918,4
2919,5
2920,5
2921,5
2922,1
2923,1
2924,3
2925,2
2926,4
2927,4
2928,5
2929,4
2930,2
2931,5
2932,2
2933,5
2934,2
2935,2
2936,2
2937,2
2938,1
2939,4
2940,4
2941,2
2942,5
2943,4
2944,5
2945,1
2946,5
2947,2
2948,5
2949,4
2950,1
2951,3
2952,2
2953,2
2954,1
2955,1
2956,5
2957,3
2958,2
2959,3
2960,5
2961,3
2962,3
2963,2
2964,2
2965,2
2966,2
2967,3
2968,2
2969,3
2970,4
2971,2
2972,4
2973,2
2974,5
2975,5
2976,2
2977,3
2978,1
2979,5
2980,2
2981,1
2982,5
2983,5
2984,4
2985,4
2986,4
2987,1
2988,4
2989,1
2990,1
2991,4
2992,3
2993,1
2994,1
2995,1
2996,5
2997,3
2998,3
2999,2
3000,1
3001,4
3002,4
3003,1
3004,4
3005,1
3006,5
3007,2
3008,5
3009,4
3010,3
3011,1
3012,2
3013,4
3014,4
3015,4
3016,2
3017,3
3018,4
3019,3
3020,2
3021,5
3022,2
3023,1
3024,4
3025,2
3026,2
3027,2
3028,2
3029,4
3030,2
3031,5
3032,2
3033,2
3034,1
3035,5
3036,1
3037,4
3038,5
3039,4
3040,2
3041,4
3042,4
3043,1
3044,5
3045,2
3046,1
3047,5
3048,2
3049,1
3050,1
3051,3
3052,2
3053,5
3054,4
3055,4
3056,1
3057,2
3058,4
3059,5
3060,5
3061,3
3062,2
3063,1
3064,1
3065,4
3066,3
3067,5
3068,1
3069,4
3070,3
3071,5
3072,4
3073,1
3074,2
3075,2
3076,1
3077,3
3078,5
3079,5
3080,5
3081,5
3082,1
3083,3
3084,5
3085,1
3086,4
3087,5
3088,4
3089,2
3090,1
3091,4
3092,2
3093,2
3094,3
3095,2
3096,3
3097,5
3098,3
3099,1
3100,2
3101,3
3102,3
3103,1
3104,3
3105,1
3106,1
3107,4
3108,2
3109,2
3110,4
3111,1
3112,4
3113,5
3114,4
3115,4
3116,1
3117,4
3118,2
3119,1
3120,1
3121,4
3122,4
3123,3
3124,2
3125,5
3126,4
3127,4
3128,5
3129,5
3130,3
3131,2
3132,3
3133,5
3134,3
3135,1
3136,4
3137,3
3138,4
3139,5
3140,3
3141,4
3142,2
3143,3
3144,3
3145,4
3146,2
3147,1
3148,1
3149,5
3150,2
3151,3
3152,2
3153,1
3154,1
3155,4
3156,2
3157,1
3158,2
3159,4
3160,2
3161,1
3162,5
3163,3
3164,1
3165,4
3166,5
3167,3
3168,4
3169,5
3170,4
3171,3
3172,4
3173,3
3174,2
3175,5
3176,4
3177,5
3178,2
3179,1
3180,3
3181,3
3182,3
3183,2
3184,5
3185,1
3186,2
3187,1
3188,4
3189,5
3190,4
3191,5
3192,1
3193,5
3194,3
3195,1
3196,3
3197,1
3198,4
3199,2
3200,5
3201,2
3202,5
3203,2
3204,5
3205,1
3206,2
3207,3
3208,2
3209,3
3210,3
3211,3
3212,2
3213,5
3214,3
3215,1
3216,3
3217,5
3218,1
3219,1
3220,4
3221,4
3222,3
3223,3
3224,5
3225,1
3226,4
3227,2
3228,3
3229,3
3230,2
3231,1
3232,3
3233,5
3234,5
3235,3
3236,1
3237,5
3238,2
3239,3
3240,4
3241,4
3242,4
3243,4
3244,5
3245,3
3246,2
3247,1
3248,4
3249,3
3250,5
3251,5
3252,1
3253,1
3254,5
3255,2
3256,5
3257,3
3258,4
3259,5
3260,5
3261,3
3262,3
3263,5
3264,1
3265,1
3266,4
3267,1
3268,2
3269,5
3270,4
3271,1
3272,2
3273,4
3274,4
3275,5
3276,4
3277,4
3278,4
3279,1
3280,3
3281,1
3282,2
3283,4
3284,4
3285,2
3286,1
3287,5
3288,1
3289,2
3290,3
3291,1
3292,2
3293,2
3294,2
3295,2
3296,5
3297,3
3298,1
3299,2
3300,4
3301,1
3302,3
3303,1
3304,2
3305,3
3306,3
3307,1
3308,1
3309,4
3310,5
3311,1
3312,5
3313,2
3314,2
3315,1
3316,4
3317,1
3318,2
3319,2
3320,2
3321,1
3322,2
3323,3
3324,3
3325,4
3326,2
3327,4
3328,5
3329,5
3330,3
3331,3
3332,4
3333,5
3334,5
3335,2
3336,2
3337,3
3338,2
3339,3
3340,3
3341,5
3342,4
3343,4
3344,2
3345,5
3346,3
3347,1
3348,4
3349,3
3350,4
3351,5
3352,1
3353,2
3354,3
3355,4
3356,1
3357,4
3358,5
3359,4
3360,4
3361,4
3362,5
3363,1
3364,1
3365,3
3366,5
3367,2
3368,2
3369,5
3370,3
3371,1
3372,2
3373,5
3374,4
3375,2
3376,4
3377,4
3378,5
3379,1
3380,4
3381,3
3382,1
3383,4
3384,5
3385,4
3386,2
3387,2
3388,2
3389,1
3390,2
3391,2
3392,4
3393,5
3394,5
3395,3
3396,1
3397,4
3398,5
3399,2
3400,2
3401,1
3402,2
3403,3
3404,2
3405,3
3406,2
3407,1
3408,1
3409,5
3410,3
3411,1
3412,2
3413,4
3414,2
3415,1
3416,3
3417,2
3418,4
3419,5
3420,1
3421,4
3422,1
3423,2
3424,2
3425,4
3426,5
3427,3
3428,4
3429,5
3430,4
3431,5
3432,2
3433,2
3434,2
3435,3
3436,1
3437,2
3438,1
3439,5
3440,1
3441,3
3442,4
3443,3
3444,5
3445,4
3446,5
3447,4
3448,1
3449,1
3450,2
3451,1
3452,3
3453,3
3454,1
3455,1
3456,3
3457,4
3458,3
3459,5
3460,4
3461,4
3462,5
3463,3
3464,4
3465,4
3466,3
3467,4
3468,4
3469,5
3470,2
3471,4
3472,5
3473,4
3474,5
3475,5
3476,3
3477,5
3478,4
3479,3
3480,5
3481,2
3482,1
3483,2
3484,2
3485,2
3486,1
3487,1
3488,3
3489,2
3490,5
3491,5
3492,3
3493,4
3494,2
3495,3
3496,1
3497,1
3498,4
3499,5
3500,3
3501,1
3502,5
3503,2
3504,4
3505,2
3506,2
3507,1
3508,2
3509,1
3510,3
3511,5
3512,5
3513,3
3514,3
3515,1
3516,2
3517,3
3518,4
3519,4
3520,4
3521,1
3522,1
3523,1
3524,1
3525,1
3526,3
3527,3
3528,2
3529,5
3530,1
3531,5
3532,4
3533,4
3534,3
3535,3
3536,5
3537,1
3538,5
3539,3
3540,2
3541,2
3542,3
3543,1
3544,5
3545,2
3546,4
3547,3
3548,1
3549,3
3550,3
3551,2
3552,4
3553,1
3554,1
3555,1
3556,1
3557,2
3558,4
3559,3
3560,4
3561,1
3562,1
3563,4
3564,4
3565,1
3566,4
3567,1
3568,5
3569,1
3570,2
3571,2
3572,2
3573,3
3574,5
3575,1
3576,4
3577,4
3578,1
3579,1
3580,1
3581,3
3582,2
3583,1
3584,3
3585,3
3586,5
3587,5
3588,4
3589,3
3590,2
3591,3
3592,2
3593,2
3594,1
3595,1
3596,1
3597,1
3598,1
3599,3
3600,2
3601,5
3602,5
3603,3
3604,3
3605,2
3606,5
3607,3
3608,1
3609,3
3610,3
3611,5
3612,1
3613,4
3614,4
3615,2
3616,2
3617,3
3618,3
3619,2
3620,5
3621,2
3622,4
3623,1
3624,3
3625,5
3626,1
3627,1
3628,2
3629,5
3630,4
3631,5
3632,1
3633,3
3634,1
3635,5
3636,3
3637,1
3638,4
3639,3
3640,4
3641,1
3642,3
3643,5
3644,1
3645,5
3646,5
3647,5
3648,3
3649,4
3650,5
3651,1
3652,3
3653,2
3654,3
3655,4
3656,4
3657,2
3658,5
3659,1
3660,1
3661,2
3662,1
3663,1
3664,2
3665,5
3666,1
3667,1
3668,1
3669,1
3670,5
3671,1
3672,3
3673,1
3674,3
3675,1
3676,5
3677,2
3678,4
3679,2
3680,3
3681,5
3682,3
3683,1
3684,2
3685,2
3686,4
3687,4
3688,2
3689,1
3690,5
3691,5
3692,5
3693,3
3694,5
3695,2
3696,3
3697,4
3698,1
3699,5
3700,5
3701,4
3702,3
3703,5
3704,3
3705,1
3706,4
3707,4
3708,1
3709,3
3710,1
3711,2
3712,2
3713,3
3714,1
3715,1
3716,3
3717,1
3718,4
3719,1
3720,5
3721,1
3722,2
3723,3
3724,5
3725,5
3726,2
3727,4
3728,1
3729,3
3730,4
3731,1
3732,4
3733,4
3734,3
3735,2
3736,4
3737,5
3738,4
3739,4
3740,3
3741,5
3742,2
3743,1
3744,5
3745,1
3746,2
3747,2
3748,1
3749,5
3750,1
3751,1
3752,1
3753,5
3754,1
3755,4
3756,1
3757,3
3758,1
3759,1
3760,1
3761,1
3762,2
3763,2
3764,1
3765,4
3766,3
3767,4
3768,1
3769,5
3770,1
3771,4
3772,4
3773,3
3774,4
3775,2
3776,4
3777,3
3778,4
3779,5
3780,4
3781,3
3782,1
3783,4
3784,1
3785,4
3786,3
3787,1
3788,1
3789,2
3790,1
3791,5
3792,2
3793,1
3794,4
3795,2
3796,4
3797,1
3798,5
3799,3
3800,5
3801,5
3802,1
3803,3
3804,3
3805,5
3806,2
3807,2
3808,3
3809,1
3810,2
3811,3
3812,3
3813,4
3814,2
3815,3
3816,4
3817,4
3818,3
3819,3
3820,3
3821,2
3822,4
3823,1
3824,3
3825,5
3826,2
3827,1
3828,2
3829,2
3830,3
3831,3
3832,5
3833,5
3834,1
3835,2
3836,5
3837,1
3838,2
3839,3
3840,1
3841,5
3842,4
3843,4
3844,2
3845,4
3846,1
3847,2
3848,1
3849,1
3850,2
3851,4
3852,4
3853,1
3854,3
3855,2
3856,3
3857,2
3858,2
3859,4
3860,2
3861,2
3862,2
3863,4
3864,1
3865,5
3866,4
3867,4
3868,5
3869,3
3870,4
3871,2
3872,1
3873,5
3874,1
3875,1
3876,4
3877,3
3878,3
3879,5
3880,5
3881,5
3882,3
3883,1
3884,2
3885,3
3886,2
3887,1
3888,3
3889,1
3890,2
3891,2
3892,2
3893,1
3894,5
3895,2
3896,3
3897,1
3898,1
3899,3
3900,1
3901,2
3902,1
3903,4
3904,1
3905,3
3906,5
3907,2
3908,2
3909,2
3910,3
3911,5
3912,5
3913,3
3914,4
3915,4
3916,3
3917,3
3918,5
3919,5
3920,4
3921,4
3922,4
3923,1
3924,5
3925,2
3926,3
3927,3
3928,2
3929,2
3930,2
3931,1
3932,5
3933,1
3934,5
3935,2
3936,2
3937,5
3938,4
3939,1
3940,1
3941,3
3942,5
3943,3
3944,4
3945,3
3946,5
3947,4
3948,5
3949,2
3950,1
3951,2
3952,4
3953,4
3954,3
3955,3
3956,1
3957,1
3958,1
3959,5
3960,2
3961,3
3962,3
3963,1
3964,5
3965,1
3966,1
3967,5
3968,5
3969,1
3970,3
3971,5
3972,1
3973,4
3974,5
3975,2
3976,3
3977,3
3978,4
3979,4
3980,1
3981,1
3982,4
3983,3
3984,4
3985,5
3986,5
3987,3
3988,3
3989,4
3990,3
3991,1
3992,1
3993,2
3994,1
3995,2
3996,1
3997,3
3998,2
3999,3
4000,2
4001,3
4002,2
4003,3
4004,4
4005,5
4006,5
4007,1
4008,4
4009,2
4010,4
4011,4
4012,5
4013,3
4014,3
4015,5
4016,2
4017,2
4018,2
4019,1
4020,3
4021,1
4022,3
4023,3
4024,2
4025,2
4026,1
4027,2
4028,1
4029,4
4030,4
4031,5
4032,3
4033,5
4034,3
4035,5
4036,1
4037,1
4038,3
4039,5
4040,3
4041,4
4042,2
4043,3
4044,4
4045,4
4046,2
4047,5
4048,5
4049,2
4050,2
4051,4
4052,1
4053,3
4054,3
4055,5
4056,4
4057,2
4058,3
4059,3
4060,4
4061,3
4062,4
4063,3
4064,2
4065,4
4066,1
4067,4
4068,4
4069,2
4070,3
4071,1
4072,2
4073,4
4074,4
4075,4
4076,1
4077,5
4078,5
4079,1
4080,5
4081,1
4082,3
4083,2
4084,1
4085,3
4086,1
4087,2
4088,3
4089,4
4090,3
4091,4
4092,3
4093,1
4094,5
4095,3
4096,5
4097,1
4098,3
4099,1
4100,5
4101,1
4102,4
4103,2
4104,2
4105,4
4106,1
4107,2
4108,3
4109,3
4110,4
4111,1
4112,4
4113,2
4114,1
4115,5
4116,5
4117,1
4118,1
4119,5
4120,4
4121,4
4122,1
4123,1
4124,4
4125,1
4126,2
4127,5
4128,4
4129,1
4130,3
4131,5
4132,3
4133,4
4134,2
4135,4
4136,1
4137,1
4138,5
4139,5
4140,5
4141,1
4142,3
4143,5
4144,2
4145,1
4146,2
4147,2
4148,3
4149,1
4150,1
4151,5
4152,1
4153,2
4154,1
4155,1
4156,2
4157,5
4158,3
4159,1
4160,5
4161,2
4162,5
4163,4
4164,2
4165,2
4166,4
4167,3
4168,4
4169,5
4170,2
4171,2
4172,3
4173,4
4174,1
4175,2
4176,1
4177,1
4178,4
4179,5
4180,1
4181,2
4182,4
4183,2
4184,5
4185,5
4186,5
4187,1
4188,2
4189,1
4190,4
4191,2
4192,2
4193,5
4194,5
4195,4
4196,1
4197,2
4198,2
4199,1
4200,5
4201,1
4202,5
4203,5
4204,3
4205,3
4206,4
4207,5
4208,4
4209,3
4210,2
4211,5
4212,4
4213,5
4214,2
4215,2
4216,5
4217,5
4218,3
4219,4
4220,5
4221,1
4222,1
4223,5
4224,2
4225,5
4226,1
4227,3
4228,3
4229,4
4230,2
4231,4
4232,5
4233,1
4234,3
4235,4
4236,1
4237,3
4238,2
4239,4
4240,4
4241,2
4242,3
4243,5
4244,1
4245,4
4246,2
4247,1
4248,5
4249,1
4250,4
4251,5
4252,4
4253,1
4254,2
4255,2
4256,4
4257,1
4258,2
4259,1
4260,5
4261,4
4262,4
4263,1
4264,2
4265,4
4266,1
4267,1
4268,4
4269,1
4270,4
4271,3
4272,3
4273,3
4274,3
4275,4
4276,2
4277,5
4278,3
4279,3
4280,3
4281,1
4282,1
4283,2
4284,1
4285,5
4286,1
4287,5
4288,5
4289,1
4290,2
4291,3
4292,4
4293,2
4294,4
4295,4
4296,4
4297,4
4298,1
4299,3
4300,5
4301,5
4302,4
4303,2
4304,4
4305,3
4306,2
4307,4
4308,4
4309,1
4310,5
4311,2
4312,5
4313,3
4314,4
4315,3
4316,5
4317,1
4318,2
4319,5
4320,5
4321,2
4322,3
4323,5
4324,2
4325,2
4326,3
4327,2
4328,3
4329,1
4330,1
4331,1
4332,3
4333,3
4334,3
4335,4
4336,2
4337,2
4338,2
4339,1
4340,3
4341,3
4342,3
4343,2
4344,1
4345,4
4346,2
4347,5
4348,1
4349,2
4350,1
4351,3
4352,2
4353,4
4354,4
4355,2
4356,5
4357,1
4358,2
4359,1
4360,5
4361,3
4362,3
4363,2
4364,2
4365,2
4366,5
4367,5
4368,1
4369,2
4370,2
4371,2
4372,4
4373,5
4374,2
4375,5
4376,4
4377,4
4378,1
4379,3
4380,4
4381,1
4382,5
4383,5
4384,2
4385,3
4386,1
4387,1
4388,1
4389,2
4390,3
4391,5
4392,3
4393,5
4394,4
4395,3
4396,2
4397,3
4398,1
4399,2
4400,3
4401,1
4402,4
4403,2
4404,4
4405,3
4406,3
4407,4
4408,1
4409,3
4410,4
4411,3
4412,2
4413,4
4414,3
4415,5
4416,2
4417,2
4418,1
4419,1
4420,4
4421,5
4422,1
4423,5
4424,2
4425,5
4426,2
4427,3
4428,3
4429,3
4430,3
4431,5
4432,1
4433,3
4434,2
4435,4
4436,1
4437,4
4438,5
4439,1
4440,2
4441,1
4442,4
4443,2
4444,4
4445,3
4446,5
4447,1
4448,3
4449,4
4450,3
4451,5
4452,5
4453,1
4454,2
4455,5
4456,3
4457,4
4458,4
4459,1
4460,3
4461,3
4462,2
4463,1
4464,2
4465,3
4466,5
4467,5
4468,4
4469,2
4470,3
4471,4
4472,3
4473,5
4474,3
4475,4
4476,3
4477,2
4478,1
4479,4
4480,4
4481,2
4482,2
4483,3
4484,2
4485,1
4486,3
4487,5
4488,1
4489,5
4490,3
4491,1
4492,4
4493,1
4494,3
4495,4
4496,3
4497,1
4498,5
4499,4
4500,5
4501,1
4502,3
4503,1
4504,5
4505,1
4506,3
4507,2
4508,5
4509,3
4510,5
4511,5
4512,5
4513,1
4514,3
4515,4
4516,1
4517,3
4518,2
4519,1
4520,1
4521,3
4522,3
4523,3
4524,3
4525,4
4526,4
4527,3
4528,3
4529,5
4530,4
4531,1
4532,4
4533,1
4534,1
4535,1
4536,1
4537,1
4538,4
4539,1
4540,4
4541,4
4542,2
4543,3
4544,1
4545,2
4546,5
4547,3
4548,5
4549,2
4550,2
4551,1
4552,3
4553,2
4554,4
4555,4
4556,2
4557,5
4558,1
4559,2
4560,3
4561,1
4562,3
4563,2
4564,1
4565,1
4566,1
4567,2
4568,2
4569,3
4570,3
4571,2
4572,5
4573,1
4574,5
4575,1
4576,1
4577,2
4578,5
4579,1
4580,5
4581,2
4582,5
4583,1
4584,2
4585,3
4586,3
4587,1
4588,5
4589,1
4590,2
4591,3
4592,3
4593,1
4594,5
4595,4
4596,2
4597,3
4598,1
4599,4
4600,2
4601,5
4602,5
4603,4
4604,3
4605,4
4606,2
4607,5
4608,4
4609,3
4610,1
4611,4
4612,2
4613,5
4614,1
4615,3
4616,2
4617,5
4618,3
4619,3
4620,3
4621,5
4622,3
4623,2
4624,4
4625,2
4626,4
4627,4
4628,1
4629,2
4630,1
4631,5
4632,2
4633,1
4634,2
4635,4
4636,4
4637,2
4638,1
4639,5
4640,2
4641,5
4642,5
4643,4
4644,4
4645,4
4646,2
4647,5
4648,3
4649,5
4650,2
4651,1
4652,3
4653,5
4654,1
4655,5
4656,2
4657,4
4658,1
4659,3
4660,4
4661,5
4662,1
4663,5
4664,2
4665,1
4666,5
4667,3
4668,5
4669,5
4670,3
4671,3
4672,3
4673,5
4674,3
4675,4
4676,3
4677,2
4678,3
4679,5
4680,1
4681,5
4682,5
4683,5
4684,1
4685,2
4686,4
4687,5
4688,4
4689,1
4690,4
4691,4
4692,2
4693,2
4694,1
4695,4
4696,4
4697,2
4698,2
4699,1
4700,3
4701,4
4702,1
4703,2
4704,5
4705,4
4706,2
4707,4
4708,4
4709,5
4710,3
4711,1
4712,2
4713,3
4714,4
4715,2
4716,4
4717,5
4718,3
4719,1
4720,1
4721,2
4722,1
4723,3
4724,2
4725,3
4726,1
4727,4
4728,1
4729,5
4730,2
4731,4
4732,5
4733,1
4734,3
4735,3
4736,3
4737,5
4738,2
4739,3
4740,2
4741,2
4742,2
4743,5
4744,1
4745,3
4746,5
4747,4
4748,5
4749,1
4750,5
4751,5
4752,5
4753,3
4754,1
4755,1
4756,3
4757,1
4758,2
4759,3
4760,1
4761,5
4762,3
4763,2
4764,1
4765,5
4766,4
4767,4
4768,4
4769,5
4770,2
4771,2
4772,3
4773,1
4774,4
4775,5
4776,5
4777,1
4778,1
4779,3
4780,5
4781,1
4782,3
4783,3
4784,4
4785,4
4786,4
4787,3
4788,4
4789,3
4790,3
4791,4
4792,5
4793,1
4794,3
4795,4
4796,4
4797,3
4798,1
4799,1
4800,2
4801,5
4802,2
4803,4
4804,3
4805,5
4806,3
4807,2
4808,5
4809,5
4810,3
4811,5
4812,4
4813,1
4814,3
4815,3
4816,5
4817,1
4818,3
4819,4
4820,3
4821,1
4822,1
4823,5
4824,3
4825,4
4826,5
4827,1
4828,4
4829,4
4830,1
4831,4
4832,3
4833,1
4834,4
4835,4
4836,3
4837,1
4838,5
4839,1
4840,3
4841,1
4842,1
4843,2
4844,5
4845,2
4846,2
4847,4
4848,2
4849,5
4850,1
4851,1
4852,2
4853,5
4854,5
4855,3
4856,3
4857,3
4858,5
4859,2
4860,3
4861,3
4862,3
4863,4
4864,2
4865,3
4866,5
4867,5
4868,3
4869,2
4870,1
4871,2
4872,3
4873,2
4874,4
4875,2
4876,2
4877,4
4878,1
4879,2
4880,1
4881,4
4882,1
4883,4
4884,4
4885,3
4886,3
4887,5
4888,5
4889,3
4890,5
4891,5
4892,1
4893,5
4894,4
4895,5
4896,4
4897,5
4898,3
4899,1
4900,5
4901,5
4902,5
4903,2
4904,5
4905,2
4906,2
4907,1
4908,2
4909,4
4910,2
4911,5
4912,2
4913,5
4914,2
4915,4
4916,3
4917,3
4918,2
4919,1
4920,5
4921,4
4922,2
4923,5
4924,5
4925,2
4926,5
4927,5
4928,3
4929,2
4930,2
4931,2
4932,1
4933,4
4934,4
4935,3
4936,5
4937,3
4938,3
4939,2
4940,2
4941,2
4942,1
4943,4
4944,1
4945,2
4946,2
4947,1
4948,5
4949,2
4950,4
4951,4
4952,3
4953,1
4954,5
4955,1
4956,3
4957,2
4958,4
4959,3
4960,4
4961,3
4962,5
4963,3
4964,1
4965,4
4966,3
4967,1
4968,5
4969,4
4970,2
4971,5
4972,2
4973,2
4974,1
4975,3
4976,4
4977,2
4978,2
4979,5
4980,5
4981,4
4982,5
4983,1
4984,4
4985,3
4986,2
4987,2
4988,3
4989,3
4990,1
4991,1
4992,1
4993,5
4994,1
4995,3
4996,5
4997,4
4998,2
4999,2
5000,2
5001,2
5002,1
5003,3
5004,5
5005,4
5006,2
5007,5
5008,5
5009,3
5010,4
5011,1
5012,1
5013,3
5014,5
5015,3
5016,5
5017,1
5018,1
5019,3
5020,1
5021,4
5022,1
5023,4
5024,4
5025,2
5026,4
5027,5
5028,3
5029,3
5030,3
5031,5
5032,3
5033,5
5034,5
5035,4
5036,1
5037,4
5038,3
5039,5
5040,5
5041,3
5042,2
5043,5
5044,4
5045,3
5046,4
5047,5
5048,1
5049,1
5050,1
5051,3
5052,1
5053,2
5054,1
5055,4
5056,2
5057,1
5058,3
5059,1
5060,2
5061,5
5062,2
5063,2
5064,4
5065,3
5066,4
5067,1
5068,1
5069,1
5070,5
5071,5
5072,3
5073,1
5074,2
5075,5
5076,2
5077,2
5078,5
5079,3
5080,4
5081,3
5082,2
5083,5
5084,2
5085,3
5086,2
5087,5
5088,3
5089,3
5090,4
5091,4
5092,3
5093,3
5094,3
5095,3
5096,1
5097,5
5098,2
5099,2
5100,4
5101,2
5102,3
5103,1
5104,1
5105,2
5106,4
5107,1
5108,4
5109,1
5110,4
5111,2
5112,2
5113,2
5114,1
5115,5
5116,3
5117,3
5118,2
5119,3
5120,3
5121,5
5122,1
5123,4
5124,2
5125,1
5126,5
5127,4
5128,2
5129,1
5130,4
5131,1
5132,4
5133,3
5134,4
5135,3
5136,4
5137,3
5138,4
5139,3
5140,3
5141,3
5142,4
5143,3
5144,1
5145,1
5146,3
5147,2
5148,3
5149,4
5150,2
5151,4
5152,1
5153,4
5154,5
5155,4
5156,1
5157,3
5158,4
5159,1
5160,1
5161,5
5162,4
5163,2
5164,5
5165,2
5166,2
5167,4
5168,3
5169,5
5170,1
5171,1
5172,4
5173,5
5174,5
5175,1
5176,3
5177,1
5178,2
5179,5
5180,3
5181,4
5182,2
5183,3
5184,3
5185,2
5186,5
5187,5
5188,1
5189,4
5190,2
5191,3
5192,4
5193,2
5194,5
5195,2
5196,4
5197,1
5198,3
5199,2
5200,5
5201,5
5202,2
5203,5
5204,5
5205,5
5206,3
5207,3
5208,2
5209,3
5210,5
5211,5
5212,4
5213,5
5214,5
5215,1
5216,4
5217,4
5218,5
5219,5
5220,4
5221,1
5222,5
5223,2
5224,1
5225,4
5226,5
5227,5
5228,5
5229,2
5230,1
5231,4
5232,4
5233,3
5234,2
5235,1
5236,3
5237,1
5238,5
5239,2
5240,4
5241,4
5242,1
5243,2
5244,3
5245,4
5246,3
5247,4
5248,5
5249,5
5250,5
5251,4
5252,4
5253,3
5254,2
5255,5
5256,5
5257,3
5258,2
5259,5
5260,3
5261,4
5262,4
5263,1
5264,4
5265,4
5266,4
5267,3
5268,1
5269,2
5270,1
5271,1
5272,2
5273,5
5274,1
5275,3
5276,4
5277,1
5278,1
5279,3
5280,2
5281,3
5282,4
5283,5
5284,4
5285,3
5286,5
5287,5
5288,2
5289,1
5290,1
5291,2
5292,2
5293,2
5294,2
5295,4
5296,5
5297,4
5298,5
5299,5
5300,4
5301,4
5302,4
5303,2
5304,3
5305,3
5306,4
5307,2
5308,3
5309,3
5310,1
5311,3
5312,2
5313,5
5314,4
5315,2
5316,4
5317,5
5318,3
5319,5
5320,3
5321,4
5322,1
5323,3
5324,2
5325,3
5326,3
5327,4
5328,4
5329,3
5330,5
5331,2
5332,1
5333,3
5334,3
5335,4
5336,4
5337,1
5338,3
5339,3
5340,3
5341,3
5342,3
5343,5
5344,3
5345,1
5346,4
5347,1
5348,1
5349,5
5350,5
5351,5
5352,4
5353,4
5354,4
5355,2
5356,2
5357,2
5358,2
5359,4
5360,3
5361,4
5362,2
5363,3
5364,5
5365,2
5366,1
5367,1
5368,4
5369,4
5370,4
5371,3
5372,1
5373,3
5374,4
5375,5
5376,4
5377,1
5378,4
5379,1
5380,1
5381,2
5382,2
5383,1
5384,2
5385,1
5386,5
5387,4
5388,4
5389,2
5390,1
5391,5
5392,5
5393,5
5394,5
5395,3
5396,5
5397,4
5398,3
5399,2
5400,5
5401,4
5402,2
5403,4
5404,5
5405,1
5406,5
5407,2
5408,1
5409,3
5410,1
5411,1
5412,1
5413,5
5414,2
5415,5
5416,2
5417,3
5418,2
5419,4
5420,2
5421,2
5422,5
5423,3
5424,1
5425,1
5426,2
5427,1
5428,3
5429,2
5430,1
5431,1
5432,3
5433,3
5434,4
5435,2
5436,1
5437,2
5438,2
5439,3
5440,4
5441,3
5442,2
5443,2
5444,1
5445,1
5446,4
5447,5
5448,1
5449,1
5450,4
5451,2
5452,4
5453,4
5454,5
5455,5
5456,5
5457,3
5458,5
5459,2
5460,3
5461,4
5462,3
5463,1
5464,1
5465,4
5466,2
5467,3
5468,3
5469,3
5470,2
5471,4
5472,1
5473,1
5474,1
5475,2
5476,2
5477,1
5478,2
5479,4
5480,2
5481,1
5482,5
5483,5
5484,5
5485,2
5486,5
5487,5
5488,2
5489,4
5490,5
5491,1
5492,4
5493,4
5494,5
5495,2
5496,4
5497,3
5498,3
5499,1
5500,3
5501,3
5502,1
5503,2
5504,5
5505,3
5506,2
5507,1
5508,3
5509,4
5510,2
5511,5
5512,1
5513,4
5514,2
5515,3
5516,1
5517,1
5518,4
5519,2
5520,2
5521,4
5522,1
5523,4
5524,5
5525,1
5526,2
5527,1
5528,1
5529,1
5530,4
5531,2
5532,3
5533,5
5534,5
5535,1
5536,5
5537,2
5538,5
5539,5
5540,3
5541,2
5542,5
5543,3
5544,3
5545,4
5546,5
5547,5
5548,1
5549,1
5550,2
5551,4
5552,3
5553,3
5554,1
5555,3
5556,3
5557,3
5558,3
5559,1
5560,1
5561,2
5562,2
5563,4
5564,1
5565,4
5566,1
5567,1
5568,4
5569,5
5570,4
5571,3
5572,4
5573,1
5574,5
5575,2
5576,1
5577,3
5578,4
5579,3
5580,2
5581,3
5582,5
5583,4
5584,4
5585,5
5586,1
5587,3
5588,2
5589,3
5590,4
5591,3
5592,2
5593,3
5594,1
5595,5
5596,4
5597,5
5598,2
5599,1
5600,4
5601,2
5602,2
5603,3
5604,1
5605,4
5606,2
5607,3
5608,4
5609,3
5610,3
5611,2
5612,4
5613,5
5614,3
5615,3
5616,4
5617,3
5618,5
5619,4
5620,1
5621,5
5622,4
5623,5
5624,3
5625,3
5626,1
5627,2
5628,4
5629,1
5630,4
5631,2
5632,4
5633,5
5634,2
5635,5
5636,3
5637,5
5638,4
5639,4
5640,3
5641,5
5642,1
5643,3
5644,5
5645,1
5646,5
5647,1
5648,2
5649,3
5650,1
5651,4
5652,5
5653,2
5654,1
5655,3
5656,1
5657,5
5658,4
5659,4
5660,2
5661,1
5662,3
5663,2
5664,1
5665,4
5666,3
5667,3
5668,2
5669,2
5670,3
5671,3
5672,3
5673,2
5674,5
5675,5
5676,2
5677,5
5678,1
5679,2
5680,3
5681,2
5682,4
5683,3
5684,4
5685,5
5686,2
5687,3
5688,3
5689,2
5690,2
5691,2
5692,5
5693,1
5694,4
5695,1
5696,3
5697,5
5698,2
5699,5
5700,4
5701,3
5702,4
5703,1
5704,3
5705,5
5706,2
5707,4
5708,1
5709,1
5710,4
5711,4
5712,5
5713,3
5714,5
5715,1
5716,3
5717,1
5718,5
5719,3
5720,5
5721,5
5722,5
5723,2
5724,1
5725,1
5726,3
5727,5
5728,4
5729,5
5730,2
5731,2
5732,5
5733,1
5734,5
5735,4
5736,5
5737,1
5738,5
5739,2
5740,1
5741,5
5742,1
5743,2
5744,4
5745,5
5746,1
5747,2
5748,5
5749,4
5750,4
5751,1
5752,4
5753,5
5754,4
5755,2
5756,2
5757,2
5758,1
5759,1
5760,1
5761,1
5762,2
5763,5
5764,4
5765,3
5766,5
5767,2
5768,4
5769,2
5770,4
5771,4
5772,2
5773,1
5774,1
5775,4
5776,1
5777,1
5778,2
5779,1
5780,4
5781,4
5782,2
5783,4
5784,1
5785,5
5786,1
5787,1
5788,4
5789,4
5790,2
5791,5
5792,1
5793,1
5794,5
5795,1
5796,5
5797,2
5798,3
5799,4
5800,4
5801,5
5802,1
5803,1
5804,5
5805,1
5806,1
5807,1
5808,5
5809,4
5810,2
5811,1
5812,4
5813,1
5814,3
5815,1
5816,5
5817,3
5818,3
5819,5
5820,4
5821,5
5822,4
5823,4
5824,5
5825,2
5826,2
5827,2
5828,4
5829,1
5830,1
5831,2
5832,1
5833,4
5834,1
5835,5
5836,4
5837,1
5838,3
5839,5
5840,2
5841,4
5842,4
5843,3
5844,4
5845,1
5846,2
5847,5
5848,1
5849,4
5850,3
5851,2
5852,5
5853,5
5854,2
5855,2
5856,4
5857,4
5858,3
5859,2
5860,3
5861,4
5862,1
5863,3
5864,3
5865,5
5866,3
5867,4
5868,2
5869,5
5870,2
5871,1
5872,2
5873,5
5874,5
5875,3
5876,3
5877,5
5878,2
5879,3
5880,1
5881,5
5882,4
5883,3
5884,3
5885,3
5886,4
5887,1
5888,1
5889,1
5890,5
5891,3
5892,2
5893,3
5894,3
5895,4
5896,2
5897,4
5898,4
5899,2
5900,4
5901,5
5902,1
5903,5
5904,4
5905,5
5906,4
5907,3
5908,2
5909,4
5910,4
5911,1
5912,4
5913,3
5914,2
5915,5
5916,1
5917,5
5918,3
5919,5
5920,5
5921,3
5922,5
5923,4
5924,5
5925,1
5926,5
5927,4
5928,4
5929,5
5930,5
5931,2
5932,2
5933,1
5934,3
5935,3
5936,2
5937,5
5938,5
5939,4
5940,3
5941,5
5942,2
5943,5
5944,2
5945,1
5946,4
5947,5
5948,5
5949,3
5950,3
5951,2
5952,1
5953,4
5954,4
5955,5
5956,4
5957,3
5958,1
5959,4
5960,3
5961,2
5962,2
5963,4
5964,5
5965,4
5966,3
5967,2
5968,2
5969,5
5970,4
5971,2
5972,5
5973,1
5974,5
5975,5
5976,4
5977,1
5978,4
5979,2
5980,1
5981,5
5982,4
5983,4
5984,4
5985,5
5986,5
5987,2
5988,2
5989,3
5990,1
5991,2
5992,1
5993,5
5994,1
5995,3
5996,1
5997,1
5998,2
5999,3
6000,4
6001,1
6002,1
6003,2
6004,1
6005,3
6006,4
6007,4
6008,5
6009,2
6010,3
6011,5
6012,4
6013,1
6014,1
6015,1
6016,1
6017,4
6018,1
6019,5
6020,3
6021,2
6022,2
6023,3
6024,2
6025,1
6026,5
6027,4
6028,1
6029,3
6030,5
6031,2
6032,2
6033,5
6034,1
6035,2
6036,5
6037,2
6038,2
6039,3
6040,2
6041,4
6042,4
6043,1
6044,3
6045,2
6046,2
6047,1
6048,5
6049,1
6050,2
6051,2
6052,3
6053,3
6054,3
6055,2
6056,1
6057,4
6058,1
6059,4
6060,2
6061,3
6062,4
6063,2
6064,3
6065,2
6066,2
6067,1
6068,5
6069,5
6070,1
6071,3
6072,3
6073,5
6074,4
6075,3
6076,4
6077,4
6078,5
6079,3
6080,2
6081,5
6082,2
6083,2
6084,2
6085,4
6086,1
6087,5
6088,4
6089,2
6090,4
6091,3
6092,2
6093,4
6094,4
6095,5
6096,5
6097,2
6098,1
6099,2
6100,4
6101,4
6102,4
6103,1
6104,1
6105,4
6106,2
6107,5
6108,3
6109,4
6110,1
6111,2
6112,2
6113,3
6114,4
6115,3
6116,3
6117,2
6118,2
6119,1
6120,4
6121,4
6122,2
6123,3
6124,2
6125,3
6126,5
6127,3
6128,2
6129,5
6130,1
6131,2
6132,3
6133,1
6134,5
6135,1
6136,1
6137,5
6138,2
6139,2
6140,1
6141,5
6142,3
6143,5
6144,5
6145,5
6146,5
6147,5
6148,3
6149,3
6150,5
6151,2
6152,1
6153,1
6154,4
6155,2
6156,3
6157,1
6158,2
6159,4
6160,2
6161,4
6162,4
6163,3
6164,4
6165,3
6166,3
6167,3
6168,3
6169,1
6170,3
6171,3
6172,1
6173,4
6174,1
6175,4
6176,4
6177,1
6178,3
6179,2
6180,1
6181,5
6182,2
6183,3
6184,1
6185,3
6186,2
6187,2
6188,3
6189,4
6190,3
6191,4
6192,1
6193,5
6194,3
6195,3
6196,4
6197,1
6198,1
6199,2
6200,5
6201,4
6202,4
6203,3
6204,4
6205,3
6206,2
6207,1
6208,3
6209,5
6210,4
6211,3
6212,3
6213,2
6214,3
6215,1
6216,4
6217,5
6218,5
6219,1
6220,4
6221,3
6222,3
6223,3
6224,3
6225,5
6226,4
6227,5
6228,1
6229,5
6230,5
6231,3
6232,4
6233,4
6234,5
6235,5
6236,1
6237,5
6238,5
6239,5
6240,2
6241,3
6242,5
6243,1
6244,4
6245,1
6246,4
6247,5
6248,5
6249,2
6250,4
6251,2
6252,3
6253,3
6254,5
6255,1
6256,5
6257,4
6258,5
6259,2
6260,5
6261,1
6262,5
6263,4
6264,3
6265,3
6266,1
6267,2
6268,5
6269,4
6270,1
6271,3
6272,4
6273,5
6274,3
6275,5
6276,3
6277,4
6278,3
6279,2
6280,3
6281,2
6282,3
6283,5
6284,4
6285,2
6286,5
6287,3
6288,2
6289,3
6290,5
6291,2
6292,5
6293,4
6294,5
6295,5
6296,3
6297,3
6298,4
6299,1
6300,5
6301,5
6302,2
6303,1
6304,5
6305,4
6306,2
6307,3
6308,4
6309,5
6310,2
6311,2
6312,3
6313,1
6314,2
6315,3
6316,1
6317,2
6318,1
6319,4
6320,5
6321,5
6322,1
6323,1
6324,3
6325,1
6326,2
6327,4
6328,4
6329,5
6330,4
6331,4
6332,2
6333,4
6334,3
6335,3
6336,1
6337,5
6338,2
6339,2
6340,2
6341,5
6342,1
6343,2
6344,3
6345,5
6346,3
6347,5
6348,1
6349,5
6350,5
6351,4
6352,2
6353,2
6354,5
6355,4
6356,4
6357,4
6358,4
6359,2
6360,4
6361,4
6362,4
6363,1
6364,4
6365,2
6366,1
6367,4
6368,5
6369,3
6370,3
6371,2
6372,1
6373,1
6374,1
6375,5
6376,5
6377,3
6378,3
6379,1
6380,1
6381,2
6382,3
6383,4
6384,5
6385,3
6386,3
6387,2
6388,1
6389,4
6390,1
6391,5
6392,4
6393,1
6394,5
6395,1
6396,5
6397,5
6398,3
6399,1
6400,2
6401,2
6402,5
6403,5
6404,5
6405,5
6406,2
6407,3
6408,2
6409,4
6410,2
6411,1
6412,3
6413,5
6414,3
6415,4
6416,3
6417,4
6418,3
6419,1
6420,4
6421,5
6422,4
6423,5
6424,1
6425,3
6426,5
6427,5
6428,3
6429,5
6430,2
6431,4
6432,5
6433,3
6434,5
6435,2
6436,5
6437,1
6438,1
6439,5
6440,3
6441,5
6442,2
6443,1
6444,1
6445,4
6446,5
6447,4
6448,4
6449,4
6450,4
6451,2
6452,4
6453,5
6454,2
6455,1
6456,3
6457,4
6458,1
6459,1
6460,5
6461,5
6462,3
6463,2
6464,2
6465,4
6466,1
6467,3
6468,2
6469,1
6470,5
6471,1
6472,3
6473,5
6474,4
6475,2
6476,3
6477,4
6478,2
6479,3
6480,5
6481,1
6482,3
6483,5
6484,4
6485,2
6486,2
6487,5
6488,2
6489,3
6490,5
6491,1
6492,2
6493,3
6494,3
6495,4
6496,1
6497,3
6498,3
6499,1
6500,4
6501,5
6502,2
6503,4
6504,5
6505,1
6506,5
6507,4
6508,2
6509,5
6510,5
6511,2
6512,1
6513,5
6514,1
6515,4
6516,3
6517,4
6518,4
6519,5
6520,5
6521,1
6522,5
6523,3
6524,5
6525,1
6526,5
6527,2
6528,4
6529,4
6530,2
6531,4
6532,5
6533,1
6534,4
6535,2
6536,2
6537,5
6538,1
6539,3
6540,4
6541,4
6542,3
6543,5
6544,3
6545,3
6546,3
6547,4
6548,1
6549,2
6550,2
6551,1
6552,1
6553,2
6554,1
6555,3
6556,3
6557,2
6558,5
6559,2
6560,4
6561,3
6562,1
6563,1
6564,1
6565,2
6566,2
6567,2
6568,3
6569,2
6570,3
6571,2
6572,3
6573,1
6574,1
6575,1
6576,5
6577,2
6578,2
6579,4
6580,2
6581,5
6582,4
6583,3
6584,1
6585,4
6586,4
6587,1
6588,1
6589,5
6590,5
6591,2
6592,1
6593,4
6594,4
6595,5
6596,3
6597,2
6598,3
6599,2
6600,5
6601,5
6602,1
6603,1
6604,2
6605,5
6606,5
6607,4
6608,2
6609,5
6610,4
6611,1
6612,3
6613,5
6614,4
6615,2
6616,4
6617,3
6618,1
6619,3
6620,1
6621,3
6622,5
6623,5
6624,3
6625,1
6626,1
6627,2
6628,1
6629,5
6630,4
6631,3
6632,1
6633,1
6634,5
6635,1
6636,4
6637,1
6638,4
6639,2
6640,1
6641,3
6642,4
6643,2
6644,3
6645,4
6646,4
6647,4
6648,4
6649,5
6650,2
6651,4
6652,5
6653,4
6654,5
6655,5
6656,1
6657,3
6658,3
6659,1
6660,1
6661,5
6662,2
6663,5
6664,4
6665,2
6666,1
6667,1
6668,3
6669,1
6670,1
6671,2
6672,5
6673,4
6674,1
6675,1
6676,4
6677,3
6678,1
6679,4
6680,1
6681,2
6682,3
6683,5
6684,2
6685,4
6686,1
6687,2
6688,3
6689,3
6690,4
6691,1
6692,4
6693,3
6694,1
6695,3
6696,1
6697,1
6698,1
6699,5
6700,3
6701,1
6702,5
6703,4
6704,1
6705,4
6706,2
6707,4
6708,2
6709,5
6710,1
6711,5
6712,2
6713,1
6714,1
6715,2
6716,2
6717,1
6718,1
6719,5
6720,2
6721,5
6722,4
6723,5
6724,5
6725,1
6726,1
6727,1
6728,2
6729,2
6730,5
6731,4
6732,4
6733,1
6734,5
6735,1
6736,5
6737,5
6738,1
6739,3
6740,4
6741,3
6742,5
6743,3
6744,4
6745,3
6746,5
6747,1
6748,4
6749,1
6750,5
6751,4
6752,3
6753,3
6754,3
6755,1
6756,4
6757,2
6758,5
6759,5
6760,5
6761,5
6762,3
6763,1
6764,4
6765,3
6766,3
6767,1
6768,4
6769,1
6770,4
6771,3
6772,5
6773,4
6774,1
6775,5
6776,2
6777,5
6778,4
6779,4
6780,3
6781,3
6782,1
6783,1
6784,4
6785,1
6786,3
6787,2
6788,4
6789,1
6790,1
6791,4
6792,2
6793,5
6794,4
6795,3
6796,2
6797,5
6798,4
6799,5
6800,3
6801,5
6802,3
6803,2
6804,1
6805,2
6806,4
6807,2
6808,2
6809,2
6810,4
6811,5
6812,1
6813,5
6814,3
6815,2
6816,5
6817,5
6818,3
6819,3
6820,3
6821,5
6822,5
6823,5
6824,2
6825,1
6826,3
6827,2
6828,5
6829,5
6830,2
6831,2
6832,1
6833,2
6834,3
6835,5
6836,3
6837,3
6838,5
6839,1
6840,2
6841,5
6842,1
6843,3
6844,5
6845,5
6846,2
6847,3
6848,3
6849,3
6850,4
6851,4
6852,5
6853,4
6854,3
6855,5
6856,3
6857,4
6858,3
6859,4
6860,4
6861,1
6862,2
6863,3
6864,3
6865,3
6866,1
6867,3
6868,4
6869,3
6870,3
6871,4
6872,5
6873,1
6874,4
6875,3
6876,5
6877,1
6878,4
6879,2
6880,4
6881,5
6882,1
6883,4
6884,4
6885,2
6886,3
6887,2
6888,4
6889,4
6890,2
6891,2
6892,3
6893,4
6894,4
6895,3
6896,1
6897,5
6898,3
6899,1
6900,2
6901,5
6902,3
6903,5
6904,5
6905,2
6906,2
6907,3
6908,1
6909,4
6910,3
6911,1
6912,2
6913,4
6914,3
6915,4
6916,3
6917,5
6918,3
6919,4
6920,5
6921,4
6922,5
6923,3
6924,4
6925,2
6926,3
6927,2
6928,2
6929,2
6930,3
6931,5
6932,1
6933,4
6934,1
6935,1
6936,3
6937,5
6938,4
6939,3
6940,4
6941,1
6942,4
6943,4
6944,3
6945,3
6946,1
6947,5
6948,1
6949,3
6950,3
6951,4
6952,3
6953,3
6954,2
6955,3
6956,3
6957,2
6958,1
6959,5
6960,1
6961,1
6962,4
6963,4
6964,1
6965,3
6966,5
6967,5
6968,3
6969,5
6970,5
6971,5
6972,3
6973,3
6974,1
6975,1
6976,2
6977,5
6978,5
6979,1
6980,4
6981,1
6982,2
6983,4
6984,3
6985,5
6986,4
6987,5
6988,3
6989,5
6990,1
6991,5
6992,3
6993,5
6994,1
6995,1
6996,4
6997,5
6998,3
6999,2
7000,3
7001,1
7002,2
7003,1
7004,1
7005,3
7006,3
7007,4
7008,4
7009,2
7010,4
7011,1
7012,3
7013,3
7014,5
7015,5
7016,4
7017,4
7018,3
7019,2
7020,1
7021,1
7022,1
7023,2
7024,3
7025,3
7026,4
7027,5
7028,2
7029,2
7030,5
7031,1
7032,4
7033,5
7034,3
7035,5
7036,5
7037,5
7038,5
7039,5
7040,1
7041,1
7042,5
7043,1
7044,4
7045,4
7046,5
7047,3
7048,5
7049,3
7050,4
7051,3
7052,4
7053,1
7054,5
7055,3
7056,5
7057,3
7058,2
7059,4
7060,3
7061,4
7062,2
7063,1
7064,4
7065,2
7066,4
7067,3
7068,4
7069,5
7070,3
7071,5
7072,4
7073,3
7074,2
7075,1
7076,1
7077,5
7078,2
7079,2
7080,2
7081,3
7082,2
7083,5
7084,1
7085,5
7086,4
7087,5
7088,5
7089,2
7090,2
7091,1
7092,5
7093,3
7094,4
7095,4
7096,1
7097,3
7098,2
7099,2
7100,4
7101,1
7102,4
7103,3
7104,1
7105,1
7106,1
7107,1
7108,2
7109,1
7110,1
7111,3
7112,1
7113,5
7114,4
7115,4
7116,1
7117,3
7118,1
7119,1
7120,3
7121,2
7122,3
7123,2
7124,1
7125,5
7126,3
7127,3
7128,5
7129,3
7130,1
7131,5
7132,2
7133,1
7134,4
7135,2
7136,3
7137,1
7138,5
7139,1
7140,1
7141,1
7142,2
7143,5
7144,4
7145,1
7146,5
7147,5
7148,5
7149,3
7150,4
7151,4
7152,4
7153,4
7154,2
7155,2
7156,1
7157,1
7158,4
7159,2
7160,3
7161,1
7162,3
7163,2
7164,2
7165,1
7166,2
7167,3
7168,1
7169,5
7170,1
7171,1
7172,5
7173,4
7174,5
7175,5
7176,3
7177,1
7178,5
7179,5
7180,3
7181,2
7182,4
7183,3
7184,5
7185,5
7186,5
7187,3
7188,2
7189,4
7190,3
7191,2
7192,5
7193,2
7194,5
7195,4
7196,5
7197,4
7198,5
7199,2
7200,1
7201,5
7202,5
7203,3
7204,1
7205,2
7206,2
7207,4
7208,5
7209,5
7210,4
7211,1
7212,1
7213,1
7214,5
7215,2
7216,2
7217,4
7218,5
7219,1
7220,3
7221,3
7222,5
7223,2
7224,2
7225,2
7226,3
7227,1
7228,2
7229,3
7230,4
7231,4
7232,2
7233,2
7234,4
7235,1
7236,2
7237,3
7238,4
7239,2
7240,5
7241,4
7242,1
7243,5
7244,4
7245,5
7246,5
7247,3
7248,4
7249,3
7250,1
7251,1
7252,1
7253,2
7254,3
7255,3
7256,5
7257,5
7258,1
7259,2
7260,4
7261,5
7262,2
7263,1
7264,2
7265,5
7266,1
7267,1
7268,1
7269,4
7270,4
7271,5
7272,2
7273,1
7274,4
7275,5
7276,4
7277,5
7278,3
7279,1
7280,4
7281,3
7282,2
7283,1
7284,4
7285,5
7286,5
7287,2
7288,5
7289,1
7290,4
7291,2
7292,5
7293,4
7294,5
7295,3
7296,2
7297,4
7298,1
7299,1
7300,3
7301,5
7302,5
7303,1
7304,4
7305,2
7306,1
7307,1
7308,5
7309,1
7310,4
7311,3
7312,5
7313,3
7314,2
7315,3
7316,5
7317,3
7318,1
7319,4
7320,4
7321,2
7322,3
7323,2
7324,1
7325,1
7326,2
7327,1
7328,5
7329,1
7330,5
7331,3
7332,4
7333,4
7334,1
7335,5
7336,4
7337,2
7338,1
7339,2
7340,3
7341,5
7342,5
7343,2
7344,1
7345,1
7346,5
7347,2
7348,3
7349,3
7350,5
7351,1
7352,1
7353,1
7354,2
7355,2
7356,4
7357,5
7358,3
7359,1
7360,5
7361,2
7362,5
7363,5
7364,2
7365,4
7366,5
7367,4
7368,3
7369,5
7370,2
7371,5
7372,1
7373,4
7374,3
7375,4
7376,2
7377,1
7378,3
7379,1
7380,1
7381,1
7382,2
7383,1
7384,4
7385,5
7386,3
7387,1
7388,4
7389,2
7390,1
7391,3
7392,5
7393,5
7394,2
7395,1
7396,2
7397,3
7398,4
7399,2
7400,4
7401,2
7402,1
7403,4
7404,5
7405,5
7406,4
7407,4
7408,3
7409,2
7410,3
7411,1
7412,4
7413,5
7414,3
7415,2
7416,4
7417,3
7418,4
7419,5
7420,3
7421,4
7422,1
7423,1
7424,2
7425,4
7426,2
7427,4
7428,5
7429,1
7430,5
7431,4
7432,1
7433,1
7434,1
7435,4
7436,5
7437,2
7438,2
7439,5
7440,3
7441,4
7442,2
7443,1
7444,2
7445,4
7446,2
7447,1
7448,4
7449,5
7450,4
7451,4
7452,3
7453,5
7454,1
7455,5
7456,5
7457,5
7458,1
7459,4
7460,3
7461,4
7462,3
7463,1
7464,4
7465,1
7466,1
7467,2
7468,2
7469,4
7470,5
7471,1
7472,5
7473,2
7474,4
7475,4
7476,1
7477,4
7478,2
7479,1
7480,2
7481,5
7482,2
7483,5
7484,3
7485,2
7486,3
7487,2
7488,4
7489,1
7490,2
7491,3
7492,3
7493,3
7494,4
7495,3
7496,5
7497,3
7498,4
7499,2
7500,5
7501,4
7502,2
7503,3
7504,2
7505,4
7506,4
7507,3
7508,5
7509,2
7510,5
7511,1
7512,3
7513,3
7514,2
7515,4
7516,1
7517,4
7518,3
7519,5
7520,2
7521,1
7522,2
7523,4
7524,3
7525,4
7526,4
7527,2
7528,5
7529,2
7530,2
7531,3
7532,2
7533,2
7534,5
7535,5
7536,1
7537,2
7538,4
7539,1
7540,4
7541,2
7542,1
7543,2
7544,4
7545,1
7546,3
7547,3
7548,2
7549,4
7550,1
7551,2
7552,3
7553,1
7554,3
7555,5
7556,3
7557,2
7558,4
7559,3
7560,5
7561,5
7562,1
7563,4
7564,1
7565,4
7566,5
7567,3
7568,3
7569,1
7570,5
7571,1
7572,5
7573,5
7574,1
7575,5
7576,1
7577,4
7578,5
7579,2
7580,2
7581,2
7582,2
7583,1
7584,2
7585,2
7586,5
7587,3
7588,4
7589,5
7590,4
7591,3
7592,1
7593,3
7594,2
7595,4
7596,5
7597,1
7598,1
7599,1
7600,2
7601,2
7602,5
7603,3
7604,3
7605,4
7606,3
7607,2
7608,4
7609,1
7610,2
7611,2
7612,1
7613,4
7614,1
7615,4
7616,4
7617,3
7618,4
7619,1
7620,3
7621,3
7622,3
7623,2
7624,2
7625,1
7626,5
7627,1
7628,4
7629,5
7630,4
7631,5
7632,2
7633,5
7634,2
7635,1
7636,4
7637,1
7638,4
7639,4
7640,3
7641,5
7642,5
7643,4
7644,4
7645,5
7646,5
7647,3
7648,5
7649,1
7650,4
7651,5
7652,1
7653,3
7654,1
7655,1
7656,4
7657,3
7658,2
7659,4
7660,5
7661,5
7662,2
7663,4
7664,3
7665,1
7666,5
7667,2
7668,3
7669,2
7670,5
7671,1
7672,5
7673,2
7674,2
7675,2
7676,3
7677,2
7678,2
7679,2
7680,4
7681,3
7682,4
7683,5
7684,5
7685,4
7686,4
7687,3
7688,5
7689,2
7690,2
7691,2
7692,2
7693,2
7694,1
7695,4
7696,5
7697,4
7698,1
7699,4
7700,5
7701,4
7702,5
7703,5
7704,1
7705,1
7706,3
7707,1
7708,4
7709,5
7710,2
7711,2
7712,3
7713,5
7714,5
7715,2
7716,3
7717,3
7718,5
7719,2
7720,2
7721,4
7722,2
7723,4
7724,3
7725,2
7726,1
7727,2
7728,2
7729,4
7730,3
7731,2
7732,4
7733,2
7734,1
7735,2
7736,2
7737,4
7738,4
7739,4
7740,2
7741,3
7742,2
7743,5
7744,3
7745,3
7746,1
7747,5
7748,3
7749,1
7750,3
7751,3
7752,3
7753,2
7754,4
7755,1
7756,2
7757,1
7758,4
7759,2
7760,2
7761,5
7762,4
7763,3
7764,2
7765,4
7766,5
7767,1
7768,4
7769,3
7770,5
7771,4
7772,3
7773,2
7774,5
7775,5
7776,1
7777,2
7778,4
7779,1
7780,2
7781,3
7782,4
7783,1
7784,5
7785,5
7786,3
7787,2
7788,3
7789,3
7790,3
7791,3
7792,5
7793,4
7794,1
7795,2
7796,3
7797,2
7798,4
7799,4
7800,4
7801,5
7802,5
7803,2
7804,3
7805,2
7806,2
7807,1
7808,3
7809,4
7810,2
7811,3
7812,4
7813,5
7814,2
7815,3
7816,1
7817,5
7818,5
7819,3
7820,3
7821,3
7822,3
7823,1
7824,1
7825,5
7826,3
7827,2
7828,3
7829,5
7830,5
7831,1
7832,3
7833,1
7834,2
7835,3
7836,3
7837,1
7838,3
7839,3
7840,4
7841,2
7842,5
7843,5
7844,5
7845,1
7846,3
7847,1
7848,2
7849,2
7850,4
7851,1
7852,4
7853,4
7854,5
7855,4
7856,3
7857,5
7858,5
7859,2
7860,1
7861,4
7862,4
7863,2
7864,5
7865,4
7866,2
7867,3
7868,5
7869,3
7870,1
7871,3
7872,2
7873,2
7874,3
7875,2
7876,3
7877,4
7878,5
7879,5
7880,1
7881,2
7882,5
7883,3
7884,1
7885,1
7886,5
7887,2
7888,5
7889,1
7890,5
7891,2
7892,3
7893,5
7894,1
7895,4
7896,2
7897,1
7898,4
7899,3
7900,2
7901,5
7902,2
7903,4
7904,3
7905,2
7906,2
7907,5
7908,2
7909,1
7910,5
7911,5
7912,3
7913,2
7914,4
7915,5
7916,4
7917,2
7918,4
7919,4
7920,5
7921,3
7922,3
7923,4
7924,3
7925,4
7926,4
7927,2
7928,5
7929,4
7930,2
7931,2
7932,5
7933,1
7934,4
7935,4
7936,4
7937,5
7938,2
7939,1
7940,4
7941,2
7942,4
7943,5
7944,5
7945,1
7946,2
7947,5
7948,2
7949,4
7950,4
7951,2
7952,2
7953,4
7954,4
7955,5
7956,3
7957,1
7958,4
7959,2
7960,3
7961,2
7962,3
7963,1
7964,2
7965,4
7966,1
7967,2
7968,1
7969,1
7970,1
7971,2
7972,4
7973,2
7974,4
7975,1
7976,4
7977,4
7978,5
7979,4
7980,3
7981,3
7982,4
7983,3
7984,3
7985,2
7986,2
7987,1
7988,2
7989,5
7990,4
7991,3
7992,3
7993,2
7994,5
7995,2
7996,3
7997,4
7998,5
7999,4
8000,5
8001,3
8002,5
8003,4
8004,5
8005,4
8006,5
8007,1
8008,5
8009,4
8010,2
8011,1
8012,4
8013,2
8014,4
8015,2
8016,4
8017,2
8018,1
8019,3
8020,5
8021,1
8022,3
8023,4
8024,5
8025,2
8026,5
8027,5
8028,2
8029,3
8030,5
8031,4
8032,5
8033,4
8034,5
8035,1
8036,3
8037,1
8038,5
8039,5
8040,2
8041,4
8042,4
8043,1
8044,4
8045,2
8046,2
8047,3
8048,2
8049,3
8050,5
8051,1
8052,4
8053,2
8054,5
8055,5
8056,4
8057,4
8058,3
8059,5
8060,4
8061,1
8062,4
8063,1
8064,3
8065,4
8066,1
8067,4
8068,3
8069,3
8070,1
8071,4
8072,5
8073,3
8074,2
8075,1
8076,5
8077,3
8078,5
8079,5
8080,1
8081,4
8082,2
8083,3
8084,4
8085,2
8086,4
8087,4
8088,5
8089,2
8090,3
8091,5
8092,2
8093,4
8094,4
8095,1
8096,2
8097,1
8098,3
8099,5
8100,2
8101,3
8102,5
8103,2
8104,1
8105,2
8106,1
8107,3
8108,3
8109,4
8110,4
8111,2
8112,2
8113,4
8114,1
8115,1
8116,3
8117,2
8118,4
8119,5
8120,1
8121,4
8122,3
8123,2
8124,1
8125,2
8126,2
8127,4
8128,1
8129,3
8130,2
8131,4
8132,4
8133,4
8134,2
8135,2
8136,1
8137,4
8138,5
8139,2
8140,3
8141,1
8142,2
8143,2
8144,1
8145,4
8146,3
8147,3
8148,2
8149,5
8150,4
8151,2
8152,3
8153,3
8154,2
8155,3
8156,3
8157,2
8158,2
8159,4
8160,5
8161,3
8162,1
8163,3
8164,1
8165,1
8166,1
8167,2
8168,2
8169,2
8170,1
8171,3
8172,2
8173,4
8174,3
8175,3
8176,2
8177,1
8178,1
8179,1
8180,2
8181,1
8182,1
8183,4
8184,2
8185,3
8186,5
8187,5
8188,3
8189,1
8190,2
8191,4
8192,5
8193,5
8194,2
8195,4
8196,2
8197,3
8198,2
8199,4
8200,1
8201,1
8202,2
8203,1
8204,3
8205,5
8206,4
8207,4
8208,2
8209,1
8210,1
8211,2
8212,4
8213,3
8214,1
8215,4
8216,4
8217,5
8218,3
8219,5
8220,2
8221,1
8222,3
8223,4
8224,1
8225,3
8226,2
8227,1
8228,3
8229,4
8230,4
8231,3
8232,1
8233,1
8234,5
8235,2
8236,4
8237,2
8238,4
8239,5
8240,1
8241,5
8242,4
8243,4
8244,3
8245,4
8246,5
8247,3
8248,1
8249,3
8250,3
8251,3
8252,1
8253,3
8254,4
8255,4
8256,3
8257,5
8258,3
8259,3
8260,2
8261,2
8262,4
8263,5
8264,5
8265,3
8266,4
8267,3
8268,2
8269,1
8270,5
8271,1
8272,3
8273,2
8274,2
8275,3
8276,4
8277,1
8278,2
8279,4
8280,4
8281,3
8282,2
8283,4
8284,3
8285,1
8286,1
8287,5
8288,1
8289,3
8290,1
8291,1
8292,5
8293,5
8294,4
8295,4
8296,3
8297,5
8298,1
8299,5
8300,5
8301,3
8302,4
8303,1
8304,2
8305,2
8306,4
8307,3
8308,1
8309,2
8310,3
8311,5
8312,3
8313,4
8314,1
8315,4
8316,4
8317,3
8318,4
8319,3
8320,1
8321,2
8322,3
8323,2
8324,4
8325,4
8326,3
8327,3
8328,5
8329,5
8330,4
8331,3
8332,5
8333,1
8334,2
8335,1
8336,3
8337,5
8338,2
8339,5
8340,2
8341,5
8342,5
8343,3
8344,5
8345,4
8346,1
8347,5
8348,1
8349,1
8350,1
8351,4
8352,2
8353,2
8354,1
8355,4
8356,4
8357,1
8358,4
8359,2
8360,4
8361,1
8362,2
8363,2
8364,2
8365,2
8366,4
8367,2
8368,2
8369,2
8370,2
8371,4
8372,2
8373,5
8374,1
8375,4
8376,2
8377,4
8378,2
8379,4
8380,4
8381,1
8382,3
8383,2
8384,5
8385,4
8386,4
8387,1
8388,1
8389,4
8390,3
8391,1
8392,2
8393,2
8394,5
8395,5
8396,4
8397,4
8398,5
8399,3
8400,4
8401,3
8402,2
8403,3
8404,4
8405,1
8406,2
8407,4
8408,1
8409,3
8410,1
8411,2
8412,3
8413,5
8414,3
8415,2
8416,4
8417,3
8418,3
8419,5
8420,1
8421,1
8422,2
8423,5
8424,2
8425,5
8426,1
8427,4
8428,1
8429,4
8430,4
8431,3
8432,4
8433,3
8434,2
8435,3
8436,1
8437,5
8438,3
8439,2
8440,3
8441,5
8442,5
8443,3
8444,2
8445,3
8446,3
8447,2
8448,3
8449,2
8450,2
8451,1
8452,1
8453,4
8454,4
8455,2
8456,1
8457,4
8458,3
8459,1
8460,4
8461,1
8462,5
8463,4
8464,5
8465,3
8466,3
8467,4
8468,4
8469,5
8470,4
8471,4
8472,3
8473,3
8474,2
8475,5
8476,4
8477,2
8478,3
8479,1
8480,5
8481,1
8482,3
8483,1
8484,1
8485,1
8486,5
8487,1
8488,4
8489,1
8490,5
8491,3
8492,1
8493,3
8494,3
8495,1
8496,3
8497,1
8498,5
8499,1
8500,5
8501,4
8502,3
8503,2
8504,1
8505,5
8506,1
8507,5
8508,4
8509,1
8510,5
8511,1
8512,4
8513,2
8514,4
8515,3
8516,1
8517,1
8518,5
8519,5
8520,5
8521,3
8522,1
8523,4
8524,5
8525,3
8526,2
8527,1
8528,5
8529,3
8530,2
8531,2
8532,2
8533,2
8534,2
8535,4
8536,3
8537,4
8538,3
8539,3
8540,3
8541,2
8542,4
8543,4
8544,3
8545,1
8546,4
8547,5
8548,1
8549,2
8550,3
8551,3
8552,4
8553,4
8554,5
8555,4
8556,2
8557,4
8558,2
8559,2
8560,1
8561,4
8562,5
8563,2
8564,3
8565,5
8566,1
8567,4
8568,3
8569,5
8570,2
8571,3
8572,2
8573,4
8574,5
8575,2
8576,5
8577,5
8578,4
8579,3
8580,1
8581,4
8582,1
8583,1
8584,1
8585,3
8586,1
8587,5
8588,4
8589,4
8590,5
8591,5
8592,2
8593,4
8594,2
8595,5
8596,4
8597,2
8598,2
8599,1
8600,4
8601,3
8602,3
8603,2
8604,5
8605,2
8606,1
8607,3
8608,2
8609,3
8610,1
8611,5
8612,1
8613,4
8614,2
8615,1
8616,2
8617,1
8618,2
8619,3
8620,4
8621,1
8622,4
8623,2
8624,3
8625,5
8626,4
8627,3
8628,2
8629,5
8630,4
8631,4
8632,4
8633,2
8634,5
8635,2
8636,1
8637,3
8638,5
8639,1
8640,5
8641,3
8642,3
8643,3
8644,1
8645,2
8646,1
8647,2
8648,3
8649,1
8650,4
8651,2
8652,5
8653,3
8654,2
8655,5
8656,1
8657,4
8658,1
8659,5
8660,4
8661,4
8662,3
8663,3
8664,3
8665,4
8666,3
8667,5
8668,5
8669,4
8670,3
8671,5
8672,4
8673,1
8674,2
8675,3
8676,3
8677,1
8678,5
8679,2
8680,4
8681,4
8682,5
8683,1
8684,4
8685,5
8686,2
8687,2
8688,3
8689,2
8690,4
8691,2
8692,4
8693,5
8694,4
8695,1
8696,3
8697,1
8698,1
8699,3
8700,5
8701,1
8702,1
8703,5
8704,4
8705,5
8706,5
8707,3
8708,3
8709,2
8710,1
8711,2
8712,4
8713,4
8714,1
8715,1
8716,2
8717,3
8718,5
8719,4
8720,2
8721,5
8722,2
8723,3
8724,2
8725,1
8726,2
8727,5
8728,1
8729,3
8730,4
8731,5
8732,3
8733,2
8734,4
8735,4
8736,5
8737,3
8738,2
8739,4
8740,3
8741,4
8742,5
8743,3
8744,5
8745,4
8746,5
8747,2
8748,1
8749,3
8750,3
8751,5
8752,3
8753,2
8754,5
8755,5
8756,3
8757,4
8758,2
8759,3
8760,3
8761,4
8762,4
8763,1
8764,3
8765,3
8766,3
8767,5
8768,3
8769,3
8770,1
8771,5
8772,4
8773,4
8774,4
8775,1
8776,1
8777,1
8778,4
8779,4
8780,4
8781,5
8782,4
8783,3
8784,5
8785,2
8786,4
8787,3
8788,2
8789,1
8790,4
8791,3
8792,5
8793,1
8794,4
8795,3
8796,1
8797,2
8798,4
8799,5
8800,2
8801,2
8802,2
8803,1
8804,2
8805,1
8806,3
8807,4
8808,1
8809,3
8810,5
8811,4
8812,5
8813,1
8814,4
8815,5
8816,4
8817,2
8818,4
8819,3
8820,2
8821,4
8822,3
8823,4
8824,5
8825,3
8826,2
8827,3
8828,1
8829,3
8830,3
8831,5
8832,1
8833,2
8834,2
8835,3
8836,4
8837,2
8838,4
8839,4
8840,4
8841,1
8842,1
8843,5
8844,5
8845,2
8846,3
8847,2
8848,2
8849,3
8850,1
8851,1
8852,2
8853,3
8854,1
8855,1
8856,2
8857,3
8858,1
8859,5
8860,3
8861,5
8862,5
8863,5
8864,5
8865,5
8866,4
8867,2
8868,4
8869,4
8870,3
8871,5
8872,4
8873,5
8874,3
8875,1
8876,1
8877,1
8878,3
8879,5
8880,4
8881,1
8882,2
8883,5
8884,5
8885,2
8886,4
8887,3
8888,4
8889,1
8890,3
8891,5
8892,4
8893,1
8894,4
8895,2
8896,1
8897,5
8898,3
8899,1
8900,3
8901,1
8902,1
8903,3
8904,3
8905,3
8906,3
8907,3
8908,5
8909,4
8910,4
8911,3
8912,3
8913,4
8914,3
8915,5
8916,1
8917,4
8918,4
8919,5
8920,1
8921,3
8922,4
8923,2
8924,5
8925,3
8926,3
8927,3
8928,4
8929,1
8930,4
8931,4
8932,3
8933,3
8934,4
8935,2
8936,5
8937,2
8938,4
8939,1
8940,1
8941,4
8942,4
8943,1
8944,4
8945,3
8946,1
8947,2
8948,1
8949,3
8950,5
8951,3
8952,2
8953,2
8954,4
8955,5
8956,3
8957,4
8958,3
8959,4
8960,2
8961,5
8962,5
8963,5
8964,4
8965,2
8966,2
8967,2
8968,2
8969,5
8970,2
8971,1
8972,3
8973,1
8974,3
8975,4
8976,1
8977,3
8978,3
8979,5
8980,3
8981,5
8982,5
8983,5
8984,2
8985,3
8986,2
8987,3
8988,2
8989,1
8990,3
8991,4
8992,4
8993,2
8994,2
8995,3
8996,2
8997,2
8998,3
8999,1
9000,2
9001,1
9002,1
9003,2
9004,2
9005,3
9006,4
9007,1
9008,2
9009,2
9010,4
9011,3
9012,5
9013,5
9014,1
9015,1
9016,3
9017,2
9018,1
9019,2
9020,3
9021,2
9022,5
9023,4
9024,1
9025,2
9026,1
9027,3
9028,3
9029,3
9030,1
9031,3
9032,2
9033,4
9034,1
9035,1
9036,1
9037,1
9038,3
9039,3
9040,3
9041,5
9042,4
9043,3
9044,4
9045,2
9046,5
9047,5
9048,3
9049,5
9050,1
9051,2
9052,5
9053,2
9054,2
9055,5
9056,4
9057,5
9058,5
9059,2
9060,4
9061,5
9062,5
9063,2
9064,4
9065,2
9066,4
9067,3
9068,2
9069,5
9070,1
9071,5
9072,1
9073,1
9074,5
9075,1
9076,3
9077,3
9078,2
9079,4
9080,3
9081,5
9082,5
9083,4
9084,2
9085,1
9086,4
9087,2
9088,1
9089,5
9090,3
9091,4
9092,4
9093,5
9094,5
9095,4
9096,5
9097,3
9098,5
9099,3
9100,2
9101,5
9102,1
9103,3
9104,1
9105,3
9106,3
9107,5
9108,1
9109,1
9110,2
9111,1
9112,2
9113,2
9114,2
9115,4
9116,5
9117,5
9118,4
9119,2
9120,5
9121,1
9122,3
9123,4
9124,2
9125,2
9126,5
9127,2
9128,2
9129,3
9130,2
9131,3
9132,5
9133,2
9134,3
9135,5
9136,1
9137,1
9138,4
9139,3
9140,1
9141,2
9142,2
9143,5
9144,1
9145,2
9146,2
9147,5
9148,3
9149,4
9150,2
9151,2
9152,3
9153,1
9154,2
9155,1
9156,4
9157,2
9158,5
9159,4
9160,2
9161,3
9162,1
9163,5
9164,3
9165,4
9166,3
9167,5
9168,4
9169,5
9170,4
9171,5
9172,2
9173,2
9174,5
9175,3
9176,1
9177,5
9178,4
9179,3
9180,5
9181,3
9182,3
9183,3
9184,4
9185,2
9186,2
9187,3
9188,1
9189,5
9190,4
9191,4
9192,3
9193,2
9194,2
9195,4
9196,5
9197,5
9198,1
9199,1
9200,5
9201,4
9202,5
9203,4
9204,1
9205,5
9206,1
9207,3
9208,4
9209,1
9210,1
9211,5
9212,1
9213,3
9214,4
9215,2
9216,3
9217,3
9218,4
9219,1
9220,2
9221,4
9222,5
9223,5
9224,2
9225,5
9226,1
9227,3
9228,5
9229,3
9230,4
9231,5
9232,2
9233,4
9234,1
9235,2
9236,5
9237,3
9238,1
9239,3
9240,3
9241,3
9242,1
9243,1
9244,1
9245,1
9246,1
9247,4
9248,3
9249,4
9250,5
9251,5
9252,2
9253,2
9254,5
9255,1
9256,4
9257,1
9258,4
9259,2
9260,3
9261,4
9262,5
9263,5
9264,1
9265,5
9266,3
9267,2
9268,1
9269,2
9270,1
9271,5
9272,3
9273,1
9274,4
9275,5
9276,2
9277,3
9278,4
9279,4
9280,3
9281,2
9282,3
9283,3
9284,1
9285,2
9286,4
9287,4
9288,5
9289,3
9290,5
9291,5
9292,2
9293,3
9294,2
9295,1
9296,1
9297,4
9298,2
9299,3
9300,5
9301,4
9302,4
9303,4
9304,4
9305,1
9306,4
9307,2
9308,2
9309,4
9310,3
9311,4
9312,4
9313,2
9314,4
9315,2
9316,2
9317,4
9318,4
9319,4
9320,4
9321,2
9322,2
9323,5
9324,4
9325,5
9326,1
9327,2
9328,5
9329,5
9330,5
9331,5
9332,4
9333,4
9334,5
9335,5
9336,2
9337,1
9338,1
9339,2
9340,5
9341,1
9342,4
9343,3
9344,5
9345,4
9346,3
9347,1
9348,5
9349,5
9350,5
9351,3
9352,4
9353,3
9354,2
9355,1
9356,2
9357,4
9358,1
9359,3
9360,5
9361,2
9362,1
9363,1
9364,2
9365,5
9366,3
9367,3
9368,5
9369,1
9370,4
9371,5
9372,2
9373,1
9374,3
9375,2
9376,1
9377,4
9378,2
9379,4
9380,5
9381,5
9382,2
9383,2
9384,5
9385,4
9386,3
9387,2
9388,3
9389,3
9390,5
9391,5
9392,3
9393,2
9394,1
9395,4
9396,4
9397,4
9398,1
9399,2
9400,3
9401,4
9402,1
9403,2
9404,5
9405,5
9406,2
9407,1
9408,2
9409,4
9410,1
9411,2
9412,1
9413,1
9414,2
9415,3
9416,1
9417,3
9418,3
9419,4
9420,4
9421,5
9422,1
9423,3
9424,1
9425,3
9426,2
9427,5
9428,5
9429,5
9430,3
9431,2
9432,1
9433,4
9434,3
9435,1
9436,2
9437,2
9438,1
9439,3
9440,4
9441,1
9442,2
9443,5
9444,5
9445,2
9446,3
9447,3
9448,1
9449,3
9450,4
9451,1
9452,3
9453,4
9454,3
9455,4
9456,4
9457,1
9458,3
9459,3
9460,4
9461,3
9462,1
9463,3
9464,1
9465,4
9466,2
9467,2
9468,2
9469,2
9470,3
9471,1
9472,2
9473,5
9474,4
9475,1
9476,4
9477,4
9478,4
9479,3
9480,2
9481,1
9482,3
9483,2
9484,2
9485,1
9486,4
9487,2
9488,3
9489,2
9490,2
9491,5
9492,2
9493,5
9494,4
9495,4
9496,5
9497,3
9498,1
9499,2
9500,2
9501,5
9502,3
9503,2
9504,3
9505,4
9506,5
9507,3
9508,5
9509,5
9510,3
9511,2
9512,5
9513,4
9514,1
9515,2
9516,3
9517,4
9518,2
9519,2
9520,5
9521,2
9522,4
9523,4
9524,3
9525,5
9526,3
9527,2
9528,3
9529,2
9530,5
9531,1
9532,4
9533,1
9534,3
9535,5
9536,5
9537,5
9538,1
9539,1
9540,3
9541,4
9542,5
9543,1
9544,2
9545,4
9546,1
9547,5
9548,1
9549,2
9550,3
9551,4
9552,4
9553,4
9554,5
9555,2
9556,4
9557,1
9558,4
9559,1
9560,4
9561,1
9562,4
9563,1
9564,1
9565,1
9566,4
9567,4
9568,5
9569,4
9570,5
9571,2
9572,4
9573,3
9574,2
9575,1
9576,4
9577,5
9578,3
9579,1
9580,2
9581,5
9582,5
9583,5
9584,2
9585,4
9586,4
9587,2
9588,1
9589,1
9590,2
9591,1
9592,2
9593,3
9594,4
9595,1
9596,4
9597,4
9598,5
9599,4
9600,5
9601,4
9602,2
9603,4
9604,1
9605,3
9606,3
9607,3
9608,4
9609,1
9610,3
9611,4
9612,1
9613,4
9614,1
9615,5
9616,5
9617,2
9618,3
9619,2
9620,4
9621,2
9622,3
9623,3
9624,3
9625,2
9626,3
9627,5
9628,4
9629,1
9630,2
9631,5
9632,4
9633,5
9634,1
9635,4
9636,4
9637,5
9638,2
9639,5
9640,1
9641,4
9642,5
9643,2
9644,5
9645,5
9646,5
9647,4
9648,3
9649,4
9650,5
9651,1
9652,5
9653,3
9654,1
9655,2
9656,4
9657,5
9658,5
9659,1
9660,5
9661,2
9662,3
9663,2
9664,2
9665,1
9666,1
9667,2
9668,2
9669,1
9670,3
9671,5
9672,1
9673,3
9674,1
9675,2
9676,2
9677,4
9678,4
9679,4
9680,1
9681,3
9682,1
9683,5
9684,3
9685,3
9686,4
9687,5
9688,1
9689,3
9690,5
9691,2
9692,3
9693,2
9694,4
9695,4
9696,2
9697,3
9698,1
9699,1
9700,3
9701,1
9702,1
9703,5
9704,4
9705,1
9706,2
9707,5
9708,1
9709,4
9710,2
9711,5
9712,3
9713,5
9714,1
9715,4
9716,2
9717,1
9718,1
9719,1
9720,1
9721,2
9722,1
9723,2
9724,1
9725,4
9726,1
9727,1
9728,2
9729,5
9730,1
9731,1
9732,3
9733,4
9734,4
9735,5
9736,3
9737,1
9738,2
9739,5
9740,4
9741,1
9742,4
9743,5
9744,2
9745,2
9746,5
9747,1
9748,2
9749,5
9750,2
9751,1
9752,1
9753,4
9754,4
9755,4
9756,2
9757,5
9758,2
9759,2
9760,4
9761,2
9762,1
9763,4
9764,1
9765,4
9766,3
9767,5
9768,1
9769,3
9770,1
9771,1
9772,2
9773,4
9774,5
9775,1
9776,5
9777,4
9778,4
9779,5
9780,1
9781,2
9782,1
9783,3
9784,1
9785,5
9786,2
9787,3
9788,3
9789,2
9790,4
9791,3
9792,5
9793,3
9794,1
9795,5
9796,3
9797,4
9798,2
9799,4
9800,3
9801,4
9802,3
9803,4
9804,2
9805,5
9806,5
9807,4
9808,2
9809,4
9810,4
9811,5
9812,4
9813,2
9814,2
9815,4
9816,1
9817,4
9818,5
9819,3
9820,1
9821,4
9822,1
9823,3
9824,3
9825,3
9826,3
9827,5
9828,3
9829,2
9830,3
9831,1
9832,4
9833,1
9834,5
9835,3
9836,4
9837,3
9838,5
9839,5
9840,2
9841,2
9842,4
9843,2
9844,3
9845,1
9846,3
9847,5
9848,3
9849,4
9850,4
9851,4
9852,3
9853,4
9854,2
9855,1
9856,1
9857,5
9858,3
9859,3
9860,3
9861,5
9862,2
9863,5
9864,5
9865,5
9866,5
9867,4
9868,4
9869,5
9870,4
9871,5
9872,1
9873,2
9874,1
9875,1
9876,2
9877,3
9878,1
9879,4
9880,2
9881,4
9882,2
9883,4
9884,2
9885,1
9886,4
9887,3
9888,4
9889,1
9890,3
9891,2
9892,1
9893,5
9894,1
9895,2
9896,1
9897,2
9898,3
9899,1
9900,5
9901,2
9902,2
9903,4
9904,4
